model,family,params_b,active_params_b,is_moe,quantization,gpu,num_gpus,hardware_config,hardware_tier,total_vram_gb,vram_required_gb,memory_bandwidth_gbs,max_context_window,tokens_per_sec,power_draw_w,hourly_cost_usd,cost_per_1m_tokens_usd,tokens_per_dollar
Llama-3.2-3B,Llama,3,3.0,False,FP16,RTX 3090,1,1x RTX 3090,Consumer,24,8.5,936,131072,1022.9,409.0,0.225,0.061,16370504.0
Llama-3.2-3B,Llama,3,3.0,False,FP16,RTX 4090,1,1x RTX 4090,Consumer,24,8.5,1008,131072,1087.8,499.0,0.34,0.087,11523338.0
Llama-3.2-3B,Llama,3,3.0,False,FP16,RTX 3090,2,2x RTX 3090,Consumer,48,8.5,1872,131072,2672.4,687.0,0.423,0.044,22753645.0
Llama-3.2-3B,Llama,3,3.0,False,FP16,RTX 4090,2,2x RTX 4090,Consumer,48,8.5,2016,131072,2526.6,901.0,0.696,0.077,13070876.0
Llama-3.2-3B,Llama,3,3.0,False,FP16,L40S,1,1x L40S,Workstation,48,8.5,864,131072,1273.3,421.0,0.767,0.167,5974120.0
Llama-3.2-3B,Llama,3,3.0,False,FP16,A100 80GB,1,1x A100 80GB,Enterprise,80,8.5,2039,131072,3046.4,471.0,1.284,0.117,8541309.0
Llama-3.2-3B,Llama,3,3.0,False,FP16,RTX 4090,4,4x RTX 4090,Consumer,96,8.5,4032,131072,4601.2,1687.0,1.379,0.083,12011250.0
Llama-3.2-3B,Llama,3,3.0,False,FP16,L40S,2,2x L40S,Workstation,96,8.5,1728,131072,2456.4,714.0,1.571,0.178,5627991.0
Llama-3.2-3B,Llama,3,3.0,False,FP16,H100 SXM,1,1x H100 SXM,Enterprise,80,8.5,3350,131072,5101.9,710.0,2.53,0.138,7260355.0
Llama-3.2-3B,Llama,3,3.0,False,INT4,RTX 3090,1,1x RTX 3090,Consumer,24,3.6,936,131072,5535.4,418.0,0.222,0.011,89800131.0
Llama-3.2-3B,Llama,3,3.0,False,INT4,RTX 4090,1,1x RTX 4090,Consumer,24,3.6,1008,131072,5486.4,496.0,0.337,0.017,58574418.0
Llama-3.2-3B,Llama,3,3.0,False,INT4,RTX 3090,2,2x RTX 3090,Consumer,48,3.6,1872,131072,10464.4,694.0,0.436,0.012,86446844.0
Llama-3.2-3B,Llama,3,3.0,False,INT4,RTX 4090,2,2x RTX 4090,Consumer,48,3.6,2016,131072,11946.1,870.0,0.7,0.016,61458893.0
Llama-3.2-3B,Llama,3,3.0,False,INT4,L40S,1,1x L40S,Workstation,48,3.6,864,131072,4767.7,415.0,0.794,0.046,21620690.0
Llama-3.2-3B,Llama,3,3.0,False,INT8,RTX 3090,1,1x RTX 3090,Consumer,24,5.2,936,131072,2467.3,421.0,0.223,0.025,39858654.0
Llama-3.2-3B,Llama,3,3.0,False,INT8,RTX 4090,1,1x RTX 4090,Consumer,24,5.2,1008,131072,2435.1,509.0,0.352,0.04,24938809.0
Llama-3.2-3B,Llama,3,3.0,False,INT8,RTX 3090,2,2x RTX 3090,Consumer,48,5.2,1872,131072,5781.7,709.0,0.433,0.021,48043095.0
Llama-3.2-3B,Llama,3,3.0,False,INT8,RTX 4090,2,2x RTX 4090,Consumer,48,5.2,2016,131072,5342.7,870.0,0.663,0.034,29002173.0
Llama-3.2-3B,Llama,3,3.0,False,INT8,L40S,1,1x L40S,Workstation,48,5.2,864,131072,2844.8,424.0,0.803,0.078,12755915.0
Llama-3.2-3B,Llama,3,3.0,False,INT8,A100 80GB,1,1x A100 80GB,Enterprise,80,5.2,2039,131072,6100.1,462.0,1.295,0.059,16964104.0
Llama-3.2-3B,Llama,3,3.0,False,INT8,H100 SXM,1,1x H100 SXM,Enterprise,80,5.2,3350,131072,10699.5,727.0,2.507,0.065,15366036.0
Llama-3.1-8B,Llama,8,8.0,False,FP16,RTX 3090,1,1x RTX 3090,Consumer,24,19.3,936,16384,59.2,423.0,0.225,1.056,946585.0
Llama-3.1-8B,Llama,8,8.0,False,FP16,RTX 4090,1,1x RTX 4090,Consumer,24,19.3,1008,16384,60.3,490.0,0.328,1.512,661164.0
Llama-3.1-8B,Llama,8,8.0,False,FP16,RTX 3090,2,2x RTX 3090,Consumer,48,19.3,1872,131072,722.1,708.0,0.451,0.174,5759661.0
Llama-3.1-8B,Llama,8,8.0,False,FP16,RTX 4090,2,2x RTX 4090,Consumer,48,19.3,2016,131072,744.5,894.0,0.683,0.255,3924730.0
Llama-3.1-8B,Llama,8,8.0,False,FP16,L40S,1,1x L40S,Workstation,48,19.3,864,131072,420.6,415.0,0.801,0.529,1890677.0
Llama-3.1-8B,Llama,8,8.0,False,FP16,A100 80GB,1,1x A100 80GB,Enterprise,80,19.3,2039,131072,1203.0,464.0,1.307,0.302,3312920.0
Llama-3.1-8B,Llama,8,8.0,False,FP16,RTX 4090,4,4x RTX 4090,Consumer,96,19.3,4032,131072,1803.4,1636.0,1.366,0.21,4751230.0
Llama-3.1-8B,Llama,8,8.0,False,FP16,L40S,2,2x L40S,Workstation,96,19.3,1728,131072,824.1,710.0,1.562,0.526,1899543.0
Llama-3.1-8B,Llama,8,8.0,False,FP16,H100 SXM,1,1x H100 SXM,Enterprise,80,19.3,3350,131072,1963.3,691.0,2.382,0.337,2967318.0
Llama-3.1-8B,Llama,8,8.0,False,FP16,A100 80GB,2,2x A100 80GB,Enterprise,160,19.3,4078,131072,2142.2,798.0,2.547,0.33,3027531.0
Llama-3.1-8B,Llama,8,8.0,False,FP16,L40S,4,4x L40S,Workstation,192,19.3,3456,131072,1343.9,1323.0,3.116,0.644,1552876.0
Llama-3.1-8B,Llama,8,8.0,False,FP16,H200 SXM,1,1x H200 SXM,Enterprise,141,19.3,4800,131072,2643.2,710.0,3.522,0.37,2701588.0
Llama-3.1-8B,Llama,8,8.0,False,FP16,H100 SXM,2,2x H100 SXM,Enterprise,160,19.3,6700,131072,3034.1,1284.0,5.04,0.461,2167350.0
Llama-3.1-8B,Llama,8,8.0,False,FP16,H200 SXM,2,2x H200 SXM,Enterprise,282,19.3,9600,131072,4685.5,1329.0,6.59,0.391,2559560.0
Llama-3.1-8B,Llama,8,8.0,False,INT4,RTX 3090,1,1x RTX 3090,Consumer,24,6.3,936,65536,1100.4,400.0,0.222,0.056,17862525.0
Llama-3.1-8B,Llama,8,8.0,False,INT4,RTX 4090,1,1x RTX 4090,Consumer,24,6.3,1008,65536,1263.8,513.0,0.342,0.075,13318965.0
Llama-3.1-8B,Llama,8,8.0,False,INT4,RTX 3090,2,2x RTX 3090,Consumer,48,6.3,1872,131072,3530.1,709.0,0.432,0.034,29422676.0
Llama-3.1-8B,Llama,8,8.0,False,INT4,RTX 4090,2,2x RTX 4090,Consumer,48,6.3,2016,131072,3993.9,867.0,0.646,0.045,22262578.0
Llama-3.1-8B,Llama,8,8.0,False,INT4,L40S,1,1x L40S,Workstation,48,6.3,864,131072,2056.5,426.0,0.778,0.105,9514033.0
Llama-3.1-8B,Llama,8,8.0,False,INT4,A100 80GB,1,1x A100 80GB,Enterprise,80,6.3,2039,131072,5552.0,452.0,1.322,0.066,15113750.0
Llama-3.1-8B,Llama,8,8.0,False,INT4,RTX 4090,4,4x RTX 4090,Consumer,96,6.3,4032,131072,6625.9,1648.0,1.432,0.06,16655795.0
Llama-3.1-8B,Llama,8,8.0,False,INT4,L40S,2,2x L40S,Workstation,96,6.3,1728,131072,3164.8,701.0,1.546,0.136,7371377.0
Llama-3.1-8B,Llama,8,8.0,False,INT4,H100 SXM,1,1x H100 SXM,Enterprise,80,6.3,3350,131072,7380.3,728.0,2.519,0.095,10548444.0
Llama-3.1-8B,Llama,8,8.0,False,INT8,RTX 3090,1,1x RTX 3090,Consumer,24,10.6,936,65536,452.8,410.0,0.218,0.134,7486391.0
Llama-3.1-8B,Llama,8,8.0,False,INT8,RTX 4090,1,1x RTX 4090,Consumer,24,10.6,1008,65536,503.6,497.0,0.325,0.179,5574487.0
Llama-3.1-8B,Llama,8,8.0,False,INT8,RTX 3090,2,2x RTX 3090,Consumer,48,10.6,1872,131072,1990.6,690.0,0.446,0.062,16077132.0
Llama-3.1-8B,Llama,8,8.0,False,INT8,RTX 4090,2,2x RTX 4090,Consumer,48,10.6,2016,131072,2030.8,876.0,0.685,0.094,10677019.0
Llama-3.1-8B,Llama,8,8.0,False,INT8,L40S,1,1x L40S,Workstation,48,10.6,864,131072,942.8,419.0,0.795,0.234,4268097.0
Llama-3.1-8B,Llama,8,8.0,False,INT8,A100 80GB,1,1x A100 80GB,Enterprise,80,10.6,2039,131072,2659.7,449.0,1.265,0.132,7567680.0
Llama-3.1-8B,Llama,8,8.0,False,INT8,RTX 4090,4,4x RTX 4090,Consumer,96,10.6,4032,131072,3439.9,1703.0,1.35,0.109,9171431.0
Llama-3.1-8B,Llama,8,8.0,False,INT8,L40S,2,2x L40S,Workstation,96,10.6,1728,131072,1902.8,727.0,1.597,0.233,4289605.0
Llama-3.1-8B,Llama,8,8.0,False,INT8,H100 SXM,1,1x H100 SXM,Enterprise,80,10.6,3350,131072,4131.9,712.0,2.38,0.16,6249624.0
Llama-3.1-8B,Llama,8,8.0,False,INT8,A100 80GB,2,2x A100 80GB,Enterprise,160,10.6,4078,131072,3811.2,794.0,2.473,0.18,5547068.0
Llama-3.1-8B,Llama,8,8.0,False,INT8,H200 SXM,1,1x H200 SXM,Enterprise,141,10.6,4800,131072,6480.7,757.0,3.432,0.147,6797691.0
Llama-3.1-8B,Llama,8,8.0,False,INT8,H100 SXM,2,2x H100 SXM,Enterprise,160,10.6,6700,131072,6218.2,1318.0,5.105,0.228,4384845.0
Gemma-3-12B,Gemma,12,12.0,False,FP16,RTX 3090,2,2x RTX 3090,Consumer,48,27.9,1872,65536,295.3,714.0,0.431,0.406,2464903.0
Gemma-3-12B,Gemma,12,12.0,False,FP16,RTX 4090,2,2x RTX 4090,Consumer,48,27.9,2016,65536,332.2,877.0,0.655,0.548,1825672.0
Gemma-3-12B,Gemma,12,12.0,False,FP16,L40S,1,1x L40S,Workstation,48,27.9,864,65536,164.1,417.0,0.797,1.349,741464.0
Gemma-3-12B,Gemma,12,12.0,False,FP16,A100 80GB,1,1x A100 80GB,Enterprise,80,27.9,2039,131072,812.0,449.0,1.237,0.423,2362955.0
Gemma-3-12B,Gemma,12,12.0,False,FP16,RTX 4090,4,4x RTX 4090,Consumer,96,27.9,4032,131072,1038.4,1656.0,1.424,0.381,2624404.0
Gemma-3-12B,Gemma,12,12.0,False,FP16,L40S,2,2x L40S,Workstation,96,27.9,1728,131072,632.0,718.0,1.561,0.686,1458064.0
Gemma-3-12B,Gemma,12,12.0,False,FP16,H100 SXM,1,1x H100 SXM,Enterprise,80,27.9,3350,131072,1230.8,724.0,2.461,0.555,1800831.0
Gemma-3-12B,Gemma,12,12.0,False,FP16,A100 80GB,2,2x A100 80GB,Enterprise,160,27.9,4078,131072,1525.8,828.0,2.566,0.467,2140488.0
Gemma-3-12B,Gemma,12,12.0,False,FP16,H200 SXM,1,1x H200 SXM,Enterprise,141,27.9,4800,131072,1605.1,714.0,3.304,0.572,1748731.0
Gemma-3-12B,Gemma,12,12.0,False,FP16,L40S,4,4x L40S,Workstation,192,27.9,3456,131072,1060.2,1321.0,3.306,0.866,1154642.0
Gemma-3-12B,Gemma,12,12.0,False,FP16,A100 80GB,4,4x A100 80GB,Enterprise,320,27.9,8156,131072,2251.2,1523.0,4.989,0.616,1624561.0
Gemma-3-12B,Gemma,12,12.0,False,FP16,H100 SXM,2,2x H100 SXM,Enterprise,160,27.9,6700,131072,2237.2,1306.0,5.03,0.625,1601045.0
Gemma-3-12B,Gemma,12,12.0,False,FP16,H200 SXM,2,2x H200 SXM,Enterprise,282,27.9,9600,131072,2922.5,1287.0,6.712,0.638,1567480.0
Gemma-3-12B,Gemma,12,12.0,False,FP16,H100 SXM,4,4x H100 SXM,Enterprise,320,27.9,13400,131072,4194.1,2505.0,10.152,0.672,1487219.0
Gemma-3-12B,Gemma,12,12.0,False,INT4,RTX 3090,1,1x RTX 3090,Consumer,24,8.5,936,65536,560.7,414.0,0.222,0.11,9082503.0
Gemma-3-12B,Gemma,12,12.0,False,INT4,RTX 4090,1,1x RTX 4090,Consumer,24,8.5,1008,65536,697.4,507.0,0.336,0.134,7468779.0
Gemma-3-12B,Gemma,12,12.0,False,INT4,RTX 3090,2,2x RTX 3090,Consumer,48,8.5,1872,131072,2597.4,701.0,0.437,0.047,21408765.0
Gemma-3-12B,Gemma,12,12.0,False,INT4,RTX 4090,2,2x RTX 4090,Consumer,48,8.5,2016,131072,2460.6,861.0,0.675,0.076,13120416.0
Gemma-3-12B,Gemma,12,12.0,False,INT4,L40S,1,1x L40S,Workstation,48,8.5,864,131072,1295.8,426.0,0.794,0.17,5877471.0
Gemma-3-12B,Gemma,12,12.0,False,INT4,A100 80GB,1,1x A100 80GB,Enterprise,80,8.5,2039,131072,3037.0,463.0,1.286,0.118,8500092.0
Gemma-3-12B,Gemma,12,12.0,False,INT4,RTX 4090,4,4x RTX 4090,Consumer,96,8.5,4032,131072,4490.5,1658.0,1.337,0.083,12088048.0
Gemma-3-12B,Gemma,12,12.0,False,INT4,L40S,2,2x L40S,Workstation,96,8.5,1728,131072,2367.9,716.0,1.58,0.185,5395254.0
Gemma-3-12B,Gemma,12,12.0,False,INT4,H100 SXM,1,1x H100 SXM,Enterprise,80,8.5,3350,131072,6067.6,737.0,2.519,0.115,8672084.0
Gemma-3-12B,Gemma,12,12.0,False,INT8,RTX 3090,1,1x RTX 3090,Consumer,24,15.0,936,32768,171.2,406.0,0.22,0.357,2799624.0
Gemma-3-12B,Gemma,12,12.0,False,INT8,RTX 4090,1,1x RTX 4090,Consumer,24,15.0,1008,32768,179.7,516.0,0.338,0.523,1911221.0
Gemma-3-12B,Gemma,12,12.0,False,INT8,RTX 3090,2,2x RTX 3090,Consumer,48,15.0,1872,131072,953.0,710.0,0.453,0.132,7569878.0
Gemma-3-12B,Gemma,12,12.0,False,INT8,RTX 4090,2,2x RTX 4090,Consumer,48,15.0,2016,131072,1010.0,881.0,0.685,0.188,5308264.0
Gemma-3-12B,Gemma,12,12.0,False,INT8,L40S,1,1x L40S,Workstation,48,15.0,864,131072,545.3,439.0,0.834,0.425,2352360.0
Gemma-3-12B,Gemma,12,12.0,False,INT8,A100 80GB,1,1x A100 80GB,Enterprise,80,15.0,2039,131072,1517.6,454.0,1.207,0.221,4526805.0
Gemma-3-12B,Gemma,12,12.0,False,INT8,RTX 4090,4,4x RTX 4090,Consumer,96,15.0,4032,131072,2319.0,1614.0,1.364,0.163,6121961.0
Gemma-3-12B,Gemma,12,12.0,False,INT8,L40S,2,2x L40S,Workstation,96,15.0,1728,131072,1082.8,711.0,1.511,0.388,2580409.0
Gemma-3-12B,Gemma,12,12.0,False,INT8,H100 SXM,1,1x H100 SXM,Enterprise,80,15.0,3350,131072,2465.1,714.0,2.359,0.266,3762368.0
Gemma-3-12B,Gemma,12,12.0,False,INT8,A100 80GB,2,2x A100 80GB,Enterprise,160,15.0,4078,131072,2692.2,783.0,2.539,0.262,3817142.0
Gemma-3-12B,Gemma,12,12.0,False,INT8,L40S,4,4x L40S,Workstation,192,15.0,3456,131072,1878.2,1318.0,3.274,0.484,2065037.0
Gemma-3-12B,Gemma,12,12.0,False,INT8,H200 SXM,1,1x H200 SXM,Enterprise,141,15.0,4800,131072,3471.7,741.0,3.685,0.295,3391223.0
Gemma-3-12B,Gemma,12,12.0,False,INT8,H100 SXM,2,2x H100 SXM,Enterprise,160,15.0,6700,131072,3998.5,1366.0,4.788,0.333,3006613.0
Phi-4-14B,Phi,14,14.0,False,FP16,RTX 3090,2,2x RTX 3090,Consumer,48,32.2,1872,16384,178.9,699.0,0.456,0.708,1413234.0
Phi-4-14B,Phi,14,14.0,False,FP16,RTX 4090,2,2x RTX 4090,Consumer,48,32.2,2016,16384,207.9,893.0,0.644,0.861,1161324.0
Phi-4-14B,Phi,14,14.0,False,FP16,L40S,1,1x L40S,Workstation,48,32.2,864,16384,99.3,420.0,0.791,2.213,451892.0
Phi-4-14B,Phi,14,14.0,False,FP16,A100 80GB,1,1x A100 80GB,Enterprise,80,32.2,2039,16384,675.0,462.0,1.301,0.536,1867119.0
Phi-4-14B,Phi,14,14.0,False,FP16,RTX 4090,4,4x RTX 4090,Consumer,96,32.2,4032,16384,1047.5,1665.0,1.315,0.349,2868212.0
Phi-4-14B,Phi,14,14.0,False,FP16,L40S,2,2x L40S,Workstation,96,32.2,1728,16384,484.2,714.0,1.568,0.899,1111741.0
Phi-4-14B,Phi,14,14.0,False,FP16,H100 SXM,1,1x H100 SXM,Enterprise,80,32.2,3350,16384,1101.5,714.0,2.411,0.608,1644419.0
Phi-4-14B,Phi,14,14.0,False,FP16,A100 80GB,2,2x A100 80GB,Enterprise,160,32.2,4078,16384,1136.0,772.0,2.605,0.637,1569695.0
Phi-4-14B,Phi,14,14.0,False,FP16,L40S,4,4x L40S,Workstation,192,32.2,3456,16384,850.4,1349.0,2.917,0.953,1049651.0
Phi-4-14B,Phi,14,14.0,False,FP16,H200 SXM,1,1x H200 SXM,Enterprise,141,32.2,4800,16384,1821.9,721.0,3.474,0.53,1887882.0
Phi-4-14B,Phi,14,14.0,False,FP16,H100 SXM,2,2x H100 SXM,Enterprise,160,32.2,6700,16384,1871.7,1344.0,5.067,0.752,1329763.0
Phi-4-14B,Phi,14,14.0,False,FP16,A100 80GB,4,4x A100 80GB,Enterprise,320,32.2,8156,16384,2234.3,1435.0,5.294,0.658,1519421.0
Phi-4-14B,Phi,14,14.0,False,FP16,H200 SXM,2,2x H200 SXM,Enterprise,282,32.2,9600,16384,2689.4,1312.0,6.638,0.686,1458492.0
Phi-4-14B,Phi,14,14.0,False,FP16,H100 SXM,4,4x H100 SXM,Enterprise,320,32.2,13400,16384,3672.0,2559.0,10.091,0.763,1309975.0
Phi-4-14B,Phi,14,14.0,False,INT4,RTX 3090,1,1x RTX 3090,Consumer,24,9.6,936,16384,454.4,410.0,0.219,0.134,7469328.0
Phi-4-14B,Phi,14,14.0,False,INT4,RTX 4090,1,1x RTX 4090,Consumer,24,9.6,1008,16384,443.0,501.0,0.355,0.223,4491089.0
Phi-4-14B,Phi,14,14.0,False,INT4,RTX 3090,2,2x RTX 3090,Consumer,48,9.6,1872,16384,1844.4,720.0,0.453,0.068,14651368.0
Phi-4-14B,Phi,14,14.0,False,INT4,RTX 4090,2,2x RTX 4090,Consumer,48,9.6,2016,16384,1900.0,870.0,0.684,0.1,9997995.0
Phi-4-14B,Phi,14,14.0,False,INT4,L40S,1,1x L40S,Workstation,48,9.6,864,16384,1075.8,425.0,0.803,0.207,4822410.0
Phi-4-14B,Phi,14,14.0,False,INT4,A100 80GB,1,1x A100 80GB,Enterprise,80,9.6,2039,16384,3067.8,456.0,1.294,0.117,8533759.0
Phi-4-14B,Phi,14,14.0,False,INT4,RTX 4090,4,4x RTX 4090,Consumer,96,9.6,4032,16384,4166.1,1650.0,1.414,0.094,10605085.0
Phi-4-14B,Phi,14,14.0,False,INT4,L40S,2,2x L40S,Workstation,96,9.6,1728,16384,2314.0,712.0,1.485,0.178,5609661.0
Phi-4-14B,Phi,14,14.0,False,INT4,H100 SXM,1,1x H100 SXM,Enterprise,80,9.6,3350,16384,4943.6,692.0,2.397,0.135,7426197.0
Phi-4-14B,Phi,14,14.0,False,INT4,H200 SXM,1,1x H200 SXM,Enterprise,141,9.6,4800,16384,5714.2,704.0,3.435,0.167,5989203.0
Phi-4-14B,Phi,14,14.0,False,INT8,RTX 3090,1,1x RTX 3090,Consumer,24,17.1,936,16384,97.0,408.0,0.225,0.645,1551447.0
Phi-4-14B,Phi,14,14.0,False,INT8,RTX 4090,1,1x RTX 4090,Consumer,24,17.1,1008,16384,110.4,510.0,0.324,0.815,1226712.0
Phi-4-14B,Phi,14,14.0,False,INT8,RTX 3090,2,2x RTX 3090,Consumer,48,17.1,1872,16384,748.4,732.0,0.45,0.167,5988124.0
Phi-4-14B,Phi,14,14.0,False,INT8,RTX 4090,2,2x RTX 4090,Consumer,48,17.1,2016,16384,813.3,864.0,0.669,0.229,4373642.0
Phi-4-14B,Phi,14,14.0,False,INT8,L40S,1,1x L40S,Workstation,48,17.1,864,16384,381.7,418.0,0.761,0.554,1805221.0
Phi-4-14B,Phi,14,14.0,False,INT8,RTX 4090,4,4x RTX 4090,Consumer,96,17.1,4032,16384,2178.2,1671.0,1.331,0.17,5889379.0
Phi-4-14B,Phi,14,14.0,False,INT8,A100 80GB,1,1x A100 80GB,Enterprise,80,17.1,2039,16384,1380.8,464.0,1.353,0.272,3675311.0
Phi-4-14B,Phi,14,14.0,False,INT8,L40S,2,2x L40S,Workstation,96,17.1,1728,16384,941.2,719.0,1.635,0.482,2072696.0
Phi-4-14B,Phi,14,14.0,False,INT8,H100 SXM,1,1x H100 SXM,Enterprise,80,17.1,3350,16384,1997.3,736.0,2.518,0.35,2856036.0
Phi-4-14B,Phi,14,14.0,False,INT8,A100 80GB,2,2x A100 80GB,Enterprise,160,17.1,4078,16384,1984.8,791.0,2.626,0.367,2721239.0
Phi-4-14B,Phi,14,14.0,False,INT8,L40S,4,4x L40S,Workstation,192,17.1,3456,16384,1756.6,1250.0,3.189,0.504,1983131.0
Phi-4-14B,Phi,14,14.0,False,INT8,H200 SXM,1,1x H200 SXM,Enterprise,141,17.1,4800,16384,3485.0,718.0,3.414,0.272,3675015.0
Phi-4-14B,Phi,14,14.0,False,INT8,H100 SXM,2,2x H100 SXM,Enterprise,160,17.1,6700,16384,4072.9,1295.0,5.102,0.348,2874074.0
Qwen3-14B,Qwen,14,14.0,False,FP16,RTX 3090,2,2x RTX 3090,Consumer,48,32.2,1872,65536,196.6,719.0,0.421,0.595,1680022.0
Qwen3-14B,Qwen,14,14.0,False,FP16,RTX 4090,2,2x RTX 4090,Consumer,48,32.2,2016,65536,169.7,886.0,0.67,1.097,911374.0
Qwen3-14B,Qwen,14,14.0,False,FP16,L40S,1,1x L40S,Workstation,48,32.2,864,65536,108.5,419.0,0.803,2.054,486844.0
Qwen3-14B,Qwen,14,14.0,False,FP16,A100 80GB,1,1x A100 80GB,Enterprise,80,32.2,2039,131072,673.5,459.0,1.322,0.545,1834018.0
Qwen3-14B,Qwen,14,14.0,False,FP16,RTX 4090,4,4x RTX 4090,Consumer,96,32.2,4032,131072,1014.0,1673.0,1.366,0.374,2673159.0
Qwen3-14B,Qwen,14,14.0,False,FP16,L40S,2,2x L40S,Workstation,96,32.2,1728,131072,469.4,712.0,1.589,0.941,1063241.0
Qwen3-14B,Qwen,14,14.0,False,FP16,A100 80GB,2,2x A100 80GB,Enterprise,160,32.2,4078,131072,998.4,779.0,2.465,0.686,1457880.0
Qwen3-14B,Qwen,14,14.0,False,FP16,H100 SXM,1,1x H100 SXM,Enterprise,80,32.2,3350,131072,1105.0,718.0,2.571,0.646,1547101.0
Qwen3-14B,Qwen,14,14.0,False,FP16,L40S,4,4x L40S,Workstation,192,32.2,3456,131072,891.3,1300.0,3.209,1.0,999746.0
Qwen3-14B,Qwen,14,14.0,False,FP16,H200 SXM,1,1x H200 SXM,Enterprise,141,32.2,4800,131072,1442.8,702.0,3.354,0.646,1548761.0
Qwen3-14B,Qwen,14,14.0,False,FP16,H100 SXM,2,2x H100 SXM,Enterprise,160,32.2,6700,131072,2103.6,1308.0,5.182,0.684,1461301.0
Qwen3-14B,Qwen,14,14.0,False,FP16,A100 80GB,4,4x A100 80GB,Enterprise,320,32.2,8156,131072,1648.0,1460.0,5.276,0.889,1124515.0
Qwen3-14B,Qwen,14,14.0,False,FP16,H200 SXM,2,2x H200 SXM,Enterprise,282,32.2,9600,131072,2909.3,1355.0,6.499,0.621,1611574.0
Qwen3-14B,Qwen,14,14.0,False,FP16,H100 SXM,4,4x H100 SXM,Enterprise,320,32.2,13400,131072,3283.0,2458.0,9.782,0.828,1208169.0
Qwen3-14B,Qwen,14,14.0,False,INT4,RTX 3090,1,1x RTX 3090,Consumer,24,9.6,936,65536,481.5,409.0,0.222,0.128,7798147.0
Qwen3-14B,Qwen,14,14.0,False,INT4,RTX 4090,1,1x RTX 4090,Consumer,24,9.6,1008,65536,501.6,499.0,0.351,0.194,5146506.0
Qwen3-14B,Qwen,14,14.0,False,INT4,RTX 3090,2,2x RTX 3090,Consumer,48,9.6,1872,131072,1809.9,711.0,0.442,0.068,14726444.0
Qwen3-14B,Qwen,14,14.0,False,INT4,RTX 4090,2,2x RTX 4090,Consumer,48,9.6,2016,131072,1841.8,885.0,0.733,0.111,9045675.0
Qwen3-14B,Qwen,14,14.0,False,INT4,L40S,1,1x L40S,Workstation,48,9.6,864,131072,1055.5,417.0,0.786,0.207,4834650.0
Qwen3-14B,Qwen,14,14.0,False,INT4,A100 80GB,1,1x A100 80GB,Enterprise,80,9.6,2039,131072,2880.3,470.0,1.304,0.126,7950562.0
Qwen3-14B,Qwen,14,14.0,False,INT4,RTX 4090,4,4x RTX 4090,Consumer,96,9.6,4032,131072,3988.7,1697.0,1.364,0.095,10529513.0
Qwen3-14B,Qwen,14,14.0,False,INT4,L40S,2,2x L40S,Workstation,96,9.6,1728,131072,1866.8,721.0,1.54,0.229,4365048.0
Qwen3-14B,Qwen,14,14.0,False,INT4,H100 SXM,1,1x H100 SXM,Enterprise,80,9.6,3350,131072,4419.7,721.0,2.467,0.155,6449698.0
Qwen3-14B,Qwen,14,14.0,False,INT4,H200 SXM,1,1x H200 SXM,Enterprise,141,9.6,4800,131072,6907.4,689.0,3.356,0.135,7409925.0
Qwen3-14B,Qwen,14,14.0,False,INT8,RTX 3090,1,1x RTX 3090,Consumer,24,17.1,936,16384,93.1,409.0,0.223,0.666,1502181.0
Qwen3-14B,Qwen,14,14.0,False,INT8,RTX 4090,1,1x RTX 4090,Consumer,24,17.1,1008,16384,93.2,497.0,0.329,0.981,1019488.0
Qwen3-14B,Qwen,14,14.0,False,INT8,RTX 3090,2,2x RTX 3090,Consumer,48,17.1,1872,131072,751.7,689.0,0.452,0.167,5983283.0
Qwen3-14B,Qwen,14,14.0,False,INT8,RTX 4090,2,2x RTX 4090,Consumer,48,17.1,2016,131072,778.4,893.0,0.676,0.241,4144353.0
Qwen3-14B,Qwen,14,14.0,False,INT8,L40S,1,1x L40S,Workstation,48,17.1,864,131072,401.8,405.0,0.815,0.564,1774160.0
Qwen3-14B,Qwen,14,14.0,False,INT8,A100 80GB,1,1x A100 80GB,Enterprise,80,17.1,2039,131072,1581.1,461.0,1.296,0.228,4391379.0
Qwen3-14B,Qwen,14,14.0,False,INT8,RTX 4090,4,4x RTX 4090,Consumer,96,17.1,4032,131072,2009.4,1662.0,1.414,0.195,5116391.0
Qwen3-14B,Qwen,14,14.0,False,INT8,L40S,2,2x L40S,Workstation,96,17.1,1728,131072,965.7,731.0,1.598,0.46,2175209.0
Qwen3-14B,Qwen,14,14.0,False,INT8,H100 SXM,1,1x H100 SXM,Enterprise,80,17.1,3350,131072,2252.6,719.0,2.428,0.299,3340287.0
Qwen3-14B,Qwen,14,14.0,False,INT8,A100 80GB,2,2x A100 80GB,Enterprise,160,17.1,4078,131072,2518.0,786.0,2.606,0.287,3478700.0
Qwen3-14B,Qwen,14,14.0,False,INT8,L40S,4,4x L40S,Workstation,192,17.1,3456,131072,1666.1,1319.0,3.345,0.558,1793162.0
Qwen3-14B,Qwen,14,14.0,False,INT8,H200 SXM,1,1x H200 SXM,Enterprise,141,17.1,4800,131072,3125.8,711.0,3.587,0.319,3137138.0
Qwen3-14B,Qwen,14,14.0,False,INT8,H100 SXM,2,2x H100 SXM,Enterprise,160,17.1,6700,131072,3393.1,1256.0,4.813,0.394,2537924.0
Mistral-Small-3.1-24B,Mistral,24,24.0,False,FP16,A100 80GB,1,1x A100 80GB,Enterprise,80,53.8,2039,65536,184.9,455.0,1.308,1.965,508962.0
Mistral-Small-3.1-24B,Mistral,24,24.0,False,FP16,RTX 4090,4,4x RTX 4090,Consumer,96,53.8,4032,131072,346.6,1601.0,1.416,1.135,881297.0
Mistral-Small-3.1-24B,Mistral,24,24.0,False,FP16,L40S,2,2x L40S,Workstation,96,53.8,1728,131072,217.6,705.0,1.509,1.926,519245.0
Mistral-Small-3.1-24B,Mistral,24,24.0,False,FP16,H100 SXM,1,1x H100 SXM,Enterprise,80,53.8,3350,65536,329.4,701.0,2.424,2.044,489265.0
Mistral-Small-3.1-24B,Mistral,24,24.0,False,FP16,A100 80GB,2,2x A100 80GB,Enterprise,160,53.8,4078,131072,603.8,795.0,2.588,1.191,839974.0
Mistral-Small-3.1-24B,Mistral,24,24.0,False,FP16,L40S,4,4x L40S,Workstation,192,53.8,3456,131072,384.9,1296.0,3.389,2.446,408757.0
Mistral-Small-3.1-24B,Mistral,24,24.0,False,FP16,H200 SXM,1,1x H200 SXM,Enterprise,141,53.8,4800,131072,878.6,709.0,3.436,1.086,920541.0
Mistral-Small-3.1-24B,Mistral,24,24.0,False,FP16,H100 SXM,2,2x H100 SXM,Enterprise,160,53.8,6700,131072,1227.7,1305.0,5.19,1.174,851650.0
Mistral-Small-3.1-24B,Mistral,24,24.0,False,FP16,A100 80GB,4,4x A100 80GB,Enterprise,320,53.8,8156,131072,1150.6,1503.0,5.213,1.259,794542.0
Mistral-Small-3.1-24B,Mistral,24,24.0,False,FP16,H200 SXM,2,2x H200 SXM,Enterprise,282,53.8,9600,131072,1420.8,1327.0,6.67,1.304,766796.0
Mistral-Small-3.1-24B,Mistral,24,24.0,False,FP16,H100 SXM,4,4x H100 SXM,Enterprise,320,53.8,13400,131072,1841.1,2573.0,9.999,1.509,662847.0
Mistral-Small-3.1-24B,Mistral,24,24.0,False,FP16,A100 80GB,8,8x A100 80GB,Enterprise,640,53.8,16312,131072,2064.1,2801.0,10.598,1.426,701133.0
Mistral-Small-3.1-24B,Mistral,24,24.0,False,FP16,H200 SXM,4,4x H200 SXM,Enterprise,564,53.8,19200,131072,2953.3,2380.0,13.24,1.245,803003.0
Mistral-Small-3.1-24B,Mistral,24,24.0,False,FP16,H100 SXM,8,8x H100 SXM,Enterprise,640,53.8,26800,131072,3294.7,5033.0,19.704,1.661,601962.0
Mistral-Small-3.1-24B,Mistral,24,24.0,False,INT4,RTX 3090,1,1x RTX 3090,Consumer,24,15.0,936,32768,130.8,409.0,0.225,0.477,2096222.0
Mistral-Small-3.1-24B,Mistral,24,24.0,False,INT4,RTX 4090,1,1x RTX 4090,Consumer,24,15.0,1008,32768,146.5,519.0,0.328,0.621,1609733.0
Mistral-Small-3.1-24B,Mistral,24,24.0,False,INT4,RTX 3090,2,2x RTX 3090,Consumer,48,15.0,1872,131072,893.6,698.0,0.429,0.133,7499518.0
Mistral-Small-3.1-24B,Mistral,24,24.0,False,INT4,RTX 4090,2,2x RTX 4090,Consumer,48,15.0,2016,131072,855.5,917.0,0.646,0.21,4765137.0
Mistral-Small-3.1-24B,Mistral,24,24.0,False,INT4,L40S,1,1x L40S,Workstation,48,15.0,864,131072,448.7,420.0,0.748,0.463,2159705.0
Mistral-Small-3.1-24B,Mistral,24,24.0,False,INT4,A100 80GB,1,1x A100 80GB,Enterprise,80,15.0,2039,131072,1691.5,464.0,1.225,0.201,4971905.0
Mistral-Small-3.1-24B,Mistral,24,24.0,False,INT4,RTX 4090,4,4x RTX 4090,Consumer,96,15.0,4032,131072,2076.3,1636.0,1.339,0.179,5583276.0
Mistral-Small-3.1-24B,Mistral,24,24.0,False,INT4,L40S,2,2x L40S,Workstation,96,15.0,1728,131072,1197.7,707.0,1.64,0.38,2628446.0
Mistral-Small-3.1-24B,Mistral,24,24.0,False,INT4,H100 SXM,1,1x H100 SXM,Enterprise,80,15.0,3350,131072,2360.4,721.0,2.43,0.286,3497192.0
Mistral-Small-3.1-24B,Mistral,24,24.0,False,INT4,A100 80GB,2,2x A100 80GB,Enterprise,160,15.0,4078,131072,2831.0,783.0,2.598,0.255,3922551.0
Mistral-Small-3.1-24B,Mistral,24,24.0,False,INT4,L40S,4,4x L40S,Workstation,192,15.0,3456,131072,1873.0,1293.0,3.211,0.476,2099659.0
Mistral-Small-3.1-24B,Mistral,24,24.0,False,INT4,H200 SXM,1,1x H200 SXM,Enterprise,141,15.0,4800,131072,3604.2,736.0,3.345,0.258,3878726.0
Mistral-Small-3.1-24B,Mistral,24,24.0,False,INT4,H100 SXM,2,2x H100 SXM,Enterprise,160,15.0,6700,131072,4058.5,1329.0,5.016,0.343,2912771.0
Mistral-Small-3.1-24B,Mistral,24,24.0,False,INT8,RTX 3090,2,2x RTX 3090,Consumer,48,27.9,1872,65536,211.4,703.0,0.443,0.583,1716655.0
Mistral-Small-3.1-24B,Mistral,24,24.0,False,INT8,RTX 4090,2,2x RTX 4090,Consumer,48,27.9,2016,65536,256.1,881.0,0.677,0.734,1362183.0
Mistral-Small-3.1-24B,Mistral,24,24.0,False,INT8,L40S,1,1x L40S,Workstation,48,27.9,864,65536,137.1,421.0,0.803,1.627,614598.0
Mistral-Small-3.1-24B,Mistral,24,24.0,False,INT8,A100 80GB,1,1x A100 80GB,Enterprise,80,27.9,2039,131072,653.2,452.0,1.287,0.547,1826721.0
Mistral-Small-3.1-24B,Mistral,24,24.0,False,INT8,RTX 4090,4,4x RTX 4090,Consumer,96,27.9,4032,131072,1161.7,1617.0,1.389,0.332,3011343.0
Mistral-Small-3.1-24B,Mistral,24,24.0,False,INT8,L40S,2,2x L40S,Workstation,96,27.9,1728,131072,589.7,744.0,1.576,0.742,1347043.0
Mistral-Small-3.1-24B,Mistral,24,24.0,False,INT8,H100 SXM,1,1x H100 SXM,Enterprise,80,27.9,3350,131072,1123.9,723.0,2.504,0.619,1615841.0
Mistral-Small-3.1-24B,Mistral,24,24.0,False,INT8,A100 80GB,2,2x A100 80GB,Enterprise,160,27.9,4078,131072,1395.3,801.0,2.521,0.502,1992719.0
Mistral-Small-3.1-24B,Mistral,24,24.0,False,INT8,L40S,4,4x L40S,Workstation,192,27.9,3456,131072,959.3,1290.0,3.062,0.887,1127857.0
Mistral-Small-3.1-24B,Mistral,24,24.0,False,INT8,H200 SXM,1,1x H200 SXM,Enterprise,141,27.9,4800,131072,2069.6,733.0,3.364,0.452,2214613.0
Mistral-Small-3.1-24B,Mistral,24,24.0,False,INT8,H100 SXM,2,2x H100 SXM,Enterprise,160,27.9,6700,131072,2002.3,1308.0,5.019,0.696,1436181.0
Mistral-Small-3.1-24B,Mistral,24,24.0,False,INT8,A100 80GB,4,4x A100 80GB,Enterprise,320,27.9,8156,131072,2467.3,1502.0,5.135,0.578,1729688.0
Mistral-Small-3.1-24B,Mistral,24,24.0,False,INT8,H200 SXM,2,2x H200 SXM,Enterprise,282,27.9,9600,131072,3291.5,1247.0,6.545,0.552,1810512.0
Mistral-Small-3.1-24B,Mistral,24,24.0,False,INT8,H100 SXM,4,4x H100 SXM,Enterprise,320,27.9,13400,131072,3555.7,2509.0,9.525,0.744,1343853.0
Gemma-3-27B,Gemma,27,27.0,False,FP16,A100 80GB,1,1x A100 80GB,Enterprise,80,60.3,2039,32768,114.4,483.0,1.274,3.094,323226.0
Gemma-3-27B,Gemma,27,27.0,False,FP16,RTX 4090,4,4x RTX 4090,Consumer,96,60.3,4032,131072,288.9,1659.0,1.335,1.283,779169.0
Gemma-3-27B,Gemma,27,27.0,False,FP16,L40S,2,2x L40S,Workstation,96,60.3,1728,131072,150.3,707.0,1.56,2.884,346724.0
Gemma-3-27B,Gemma,27,27.0,False,FP16,H100 SXM,1,1x H100 SXM,Enterprise,80,60.3,3350,32768,193.4,717.0,2.465,3.54,282451.0
Gemma-3-27B,Gemma,27,27.0,False,FP16,A100 80GB,2,2x A100 80GB,Enterprise,160,60.3,4078,131072,520.1,795.0,2.558,1.366,732065.0
Gemma-3-27B,Gemma,27,27.0,False,FP16,L40S,4,4x L40S,Workstation,192,60.3,3456,131072,479.3,1283.0,2.931,1.699,588692.0
Gemma-3-27B,Gemma,27,27.0,False,FP16,H200 SXM,1,1x H200 SXM,Enterprise,141,60.3,4800,131072,874.2,720.0,3.302,1.049,953174.0
Gemma-3-27B,Gemma,27,27.0,False,FP16,H100 SXM,2,2x H100 SXM,Enterprise,160,60.3,6700,131072,984.4,1326.0,4.721,1.332,750595.0
Gemma-3-27B,Gemma,27,27.0,False,FP16,A100 80GB,4,4x A100 80GB,Enterprise,320,60.3,8156,131072,1015.0,1447.0,5.25,1.437,696038.0
Gemma-3-27B,Gemma,27,27.0,False,FP16,H200 SXM,2,2x H200 SXM,Enterprise,282,60.3,9600,131072,1443.6,1342.0,6.714,1.292,774036.0
Gemma-3-27B,Gemma,27,27.0,False,FP16,H100 SXM,4,4x H100 SXM,Enterprise,320,60.3,13400,131072,1711.2,2480.0,10.512,1.706,586014.0
Gemma-3-27B,Gemma,27,27.0,False,FP16,A100 80GB,8,8x A100 80GB,Enterprise,640,60.3,16312,131072,1816.4,2755.0,10.536,1.611,620614.0
Gemma-3-27B,Gemma,27,27.0,False,FP16,H200 SXM,4,4x H200 SXM,Enterprise,564,60.3,19200,131072,2124.7,2499.0,13.193,1.725,579785.0
Gemma-3-27B,Gemma,27,27.0,False,FP16,H100 SXM,8,8x H100 SXM,Enterprise,640,60.3,26800,131072,2838.2,5043.0,19.26,1.885,530499.0
Gemma-3-27B,Gemma,27,27.0,False,INT4,RTX 3090,1,1x RTX 3090,Consumer,24,16.6,936,16384,87.2,410.0,0.224,0.712,1403566.0
Gemma-3-27B,Gemma,27,27.0,False,INT4,RTX 4090,1,1x RTX 4090,Consumer,24,16.6,1008,16384,106.3,492.0,0.34,0.889,1125447.0
Gemma-3-27B,Gemma,27,27.0,False,INT4,RTX 3090,2,2x RTX 3090,Consumer,48,16.6,1872,131072,619.6,724.0,0.44,0.197,5071139.0
Gemma-3-27B,Gemma,27,27.0,False,INT4,RTX 4090,2,2x RTX 4090,Consumer,48,16.6,2016,131072,667.7,863.0,0.648,0.27,3709093.0
Gemma-3-27B,Gemma,27,27.0,False,INT4,L40S,1,1x L40S,Workstation,48,16.6,864,131072,339.5,427.0,0.736,0.602,1660844.0
Gemma-3-27B,Gemma,27,27.0,False,INT4,A100 80GB,1,1x A100 80GB,Enterprise,80,16.6,2039,131072,1308.5,464.0,1.292,0.274,3645356.0
Gemma-3-27B,Gemma,27,27.0,False,INT4,RTX 4090,4,4x RTX 4090,Consumer,96,16.6,4032,131072,2136.7,1638.0,1.318,0.171,5834963.0
Gemma-3-27B,Gemma,27,27.0,False,INT4,L40S,2,2x L40S,Workstation,96,16.6,1728,131072,914.5,702.0,1.649,0.501,1996092.0
Gemma-3-27B,Gemma,27,27.0,False,INT4,H100 SXM,1,1x H100 SXM,Enterprise,80,16.6,3350,131072,2367.3,726.0,2.55,0.299,3341769.0
Gemma-3-27B,Gemma,27,27.0,False,INT4,A100 80GB,2,2x A100 80GB,Enterprise,160,16.6,4078,131072,2518.3,797.0,2.602,0.287,3484874.0
Gemma-3-27B,Gemma,27,27.0,False,INT4,L40S,4,4x L40S,Workstation,192,16.6,3456,131072,1780.3,1330.0,3.052,0.476,2100047.0
Gemma-3-27B,Gemma,27,27.0,False,INT4,H200 SXM,1,1x H200 SXM,Enterprise,141,16.6,4800,131072,3643.1,700.0,3.201,0.244,4097429.0
Gemma-3-27B,Gemma,27,27.0,False,INT4,H100 SXM,2,2x H100 SXM,Enterprise,160,16.6,6700,131072,3510.0,1251.0,5.13,0.406,2463328.0
Gemma-3-27B,Gemma,27,27.0,False,INT8,RTX 3090,2,2x RTX 3090,Consumer,48,31.2,1872,32768,155.9,714.0,0.417,0.744,1344050.0
Gemma-3-27B,Gemma,27,27.0,False,INT8,RTX 4090,2,2x RTX 4090,Consumer,48,31.2,2016,32768,151.9,894.0,0.669,1.224,817072.0
Gemma-3-27B,Gemma,27,27.0,False,INT8,L40S,1,1x L40S,Workstation,48,31.2,864,32768,82.3,407.0,0.81,2.734,365813.0
Gemma-3-27B,Gemma,27,27.0,False,INT8,A100 80GB,1,1x A100 80GB,Enterprise,80,31.2,2039,131072,608.2,472.0,1.27,0.58,1724223.0
Gemma-3-27B,Gemma,27,27.0,False,INT8,RTX 4090,4,4x RTX 4090,Consumer,96,31.2,4032,131072,827.8,1676.0,1.371,0.46,2173466.0
Gemma-3-27B,Gemma,27,27.0,False,INT8,L40S,2,2x L40S,Workstation,96,31.2,1728,131072,526.1,749.0,1.6,0.845,1183821.0
Gemma-3-27B,Gemma,27,27.0,False,INT8,H100 SXM,1,1x H100 SXM,Enterprise,80,31.2,3350,131072,977.6,711.0,2.561,0.728,1374156.0
Gemma-3-27B,Gemma,27,27.0,False,INT8,A100 80GB,2,2x A100 80GB,Enterprise,160,31.2,4078,131072,1172.5,792.0,2.641,0.626,1598134.0
Gemma-3-27B,Gemma,27,27.0,False,INT8,L40S,4,4x L40S,Workstation,192,31.2,3456,131072,896.8,1306.0,3.237,1.003,997268.0
Gemma-3-27B,Gemma,27,27.0,False,INT8,H200 SXM,1,1x H200 SXM,Enterprise,141,31.2,4800,131072,1652.2,731.0,3.365,0.566,1767550.0
Gemma-3-27B,Gemma,27,27.0,False,INT8,H100 SXM,2,2x H100 SXM,Enterprise,160,31.2,6700,131072,1663.6,1288.0,4.863,0.812,1231494.0
Gemma-3-27B,Gemma,27,27.0,False,INT8,A100 80GB,4,4x A100 80GB,Enterprise,320,31.2,8156,131072,2282.7,1466.0,5.094,0.62,1613171.0
Gemma-3-27B,Gemma,27,27.0,False,INT8,H200 SXM,2,2x H200 SXM,Enterprise,282,31.2,9600,131072,2636.7,1309.0,6.993,0.737,1357321.0
Gemma-3-27B,Gemma,27,27.0,False,INT8,H100 SXM,4,4x H100 SXM,Enterprise,320,31.2,13400,131072,2811.2,2452.0,9.687,0.957,1044787.0
Qwen3-30B-A3B,Qwen,30,3.0,True,FP16,A100 80GB,1,1x A100 80GB,Enterprise,80,66.8,2039,65536,590.3,463.0,1.259,0.593,1687389.0
Qwen3-30B-A3B,Qwen,30,3.0,True,FP16,RTX 4090,4,4x RTX 4090,Consumer,96,66.8,4032,131072,1497.5,1667.0,1.39,0.258,3879242.0
Qwen3-30B-A3B,Qwen,30,3.0,True,FP16,L40S,2,2x L40S,Workstation,96,66.8,1728,131072,774.1,723.0,1.607,0.577,1734338.0
Qwen3-30B-A3B,Qwen,30,3.0,True,FP16,H100 SXM,1,1x H100 SXM,Enterprise,80,66.8,3350,65536,968.5,709.0,2.355,0.675,1480525.0
Qwen3-30B-A3B,Qwen,30,3.0,True,FP16,A100 80GB,2,2x A100 80GB,Enterprise,160,66.8,4078,131072,2141.7,809.0,2.628,0.341,2933940.0
Qwen3-30B-A3B,Qwen,30,3.0,True,FP16,L40S,4,4x L40S,Workstation,192,66.8,3456,131072,1478.2,1281.0,3.048,0.573,1746085.0
Qwen3-30B-A3B,Qwen,30,3.0,True,FP16,H200 SXM,1,1x H200 SXM,Enterprise,141,66.8,4800,131072,2951.7,740.0,3.341,0.314,3180518.0
Qwen3-30B-A3B,Qwen,30,3.0,True,FP16,A100 80GB,4,4x A100 80GB,Enterprise,320,66.8,8156,131072,4043.9,1518.0,5.005,0.344,2908704.0
Qwen3-30B-A3B,Qwen,30,3.0,True,FP16,H100 SXM,2,2x H100 SXM,Enterprise,160,66.8,6700,131072,3468.0,1269.0,5.125,0.41,2436321.0
Qwen3-30B-A3B,Qwen,30,3.0,True,FP16,H200 SXM,2,2x H200 SXM,Enterprise,282,66.8,9600,131072,5397.6,1313.0,6.942,0.357,2799178.0
Qwen3-30B-A3B,Qwen,30,3.0,True,FP16,H100 SXM,4,4x H100 SXM,Enterprise,320,66.8,13400,131072,6628.8,2460.0,10.05,0.421,2374424.0
Qwen3-30B-A3B,Qwen,30,3.0,True,FP16,A100 80GB,8,8x A100 80GB,Enterprise,640,66.8,16312,131072,6933.8,2810.0,10.643,0.426,2345257.0
Qwen3-30B-A3B,Qwen,30,3.0,True,FP16,H200 SXM,4,4x H200 SXM,Enterprise,564,66.8,19200,131072,8276.1,2498.0,13.513,0.454,2204829.0
Qwen3-30B-A3B,Qwen,30,3.0,True,FP16,H100 SXM,8,8x H100 SXM,Enterprise,640,66.8,26800,131072,9613.9,4819.0,20.383,0.589,1697991.0
Qwen3-30B-A3B,Qwen,30,3.0,True,INT4,RTX 3090,1,1x RTX 3090,Consumer,24,18.2,936,32768,587.0,415.0,0.212,0.1,9958552.0
Qwen3-30B-A3B,Qwen,30,3.0,True,INT4,RTX 4090,1,1x RTX 4090,Consumer,24,18.2,1008,32768,824.8,521.0,0.338,0.114,8787055.0
Qwen3-30B-A3B,Qwen,30,3.0,True,INT4,RTX 3090,2,2x RTX 3090,Consumer,48,18.2,1872,131072,4082.6,705.0,0.445,0.03,33003518.0
Qwen3-30B-A3B,Qwen,30,3.0,True,INT4,RTX 4090,2,2x RTX 4090,Consumer,48,18.2,2016,131072,4267.2,859.0,0.704,0.046,21812332.0
Qwen3-30B-A3B,Qwen,30,3.0,True,INT4,L40S,1,1x L40S,Workstation,48,18.2,864,131072,1856.2,419.0,0.813,0.122,8220197.0
Qwen3-30B-A3B,Qwen,30,3.0,True,INT4,A100 80GB,1,1x A100 80GB,Enterprise,80,18.2,2039,131072,5350.1,462.0,1.306,0.068,14748177.0
Qwen3-30B-A3B,Qwen,30,3.0,True,INT4,RTX 4090,4,4x RTX 4090,Consumer,96,18.2,4032,131072,6788.2,1631.0,1.359,0.056,17980646.0
Qwen3-30B-A3B,Qwen,30,3.0,True,INT4,L40S,2,2x L40S,Workstation,96,18.2,1728,131072,3700.2,692.0,1.574,0.118,8462199.0
Qwen3-30B-A3B,Qwen,30,3.0,True,INT4,H100 SXM,1,1x H100 SXM,Enterprise,80,18.2,3350,131072,9892.3,712.0,2.43,0.068,14652799.0
Qwen3-30B-A3B,Qwen,30,3.0,True,INT4,A100 80GB,2,2x A100 80GB,Enterprise,160,18.2,4078,131072,9706.4,807.0,2.631,0.075,13281618.0
Qwen3-30B-A3B,Qwen,30,3.0,True,INT4,L40S,4,4x L40S,Workstation,192,18.2,3456,131072,6491.5,1261.0,3.058,0.131,7641719.0
Qwen3-30B-A3B,Qwen,30,3.0,True,INT4,H200 SXM,1,1x H200 SXM,Enterprise,141,18.2,4800,131072,10950.8,748.0,3.423,0.087,11516298.0
Qwen3-30B-A3B,Qwen,30,3.0,True,INT4,H100 SXM,2,2x H100 SXM,Enterprise,160,18.2,6700,131072,14484.5,1322.0,4.901,0.094,10638836.0
Qwen3-30B-A3B,Qwen,30,3.0,True,INT4,H200 SXM,2,2x H200 SXM,Enterprise,282,18.2,9600,131072,19055.8,1334.0,6.758,0.099,10151338.0
Qwen3-30B-A3B,Qwen,30,3.0,True,INT8,RTX 3090,2,2x RTX 3090,Consumer,48,34.4,1872,65536,1024.4,724.0,0.449,0.122,8221437.0
Qwen3-30B-A3B,Qwen,30,3.0,True,INT8,RTX 4090,2,2x RTX 4090,Consumer,48,34.4,2016,65536,1225.4,912.0,0.71,0.161,6216992.0
Qwen3-30B-A3B,Qwen,30,3.0,True,INT8,L40S,1,1x L40S,Workstation,48,34.4,864,65536,593.3,412.0,0.828,0.388,2578237.0
Qwen3-30B-A3B,Qwen,30,3.0,True,INT8,A100 80GB,1,1x A100 80GB,Enterprise,80,34.4,2039,131072,2525.8,462.0,1.239,0.136,7340815.0
Qwen3-30B-A3B,Qwen,30,3.0,True,INT8,RTX 4090,4,4x RTX 4090,Consumer,96,34.4,4032,131072,3494.8,1662.0,1.335,0.106,9427370.0
Qwen3-30B-A3B,Qwen,30,3.0,True,INT8,L40S,2,2x L40S,Workstation,96,34.4,1728,131072,1859.4,712.0,1.637,0.244,4090163.0
Qwen3-30B-A3B,Qwen,30,3.0,True,INT8,H100 SXM,1,1x H100 SXM,Enterprise,80,34.4,3350,131072,3491.8,719.0,2.553,0.203,4923535.0
Qwen3-30B-A3B,Qwen,30,3.0,True,INT8,A100 80GB,2,2x A100 80GB,Enterprise,160,34.4,4078,131072,4267.8,832.0,2.644,0.172,5811398.0
Qwen3-30B-A3B,Qwen,30,3.0,True,INT8,L40S,4,4x L40S,Workstation,192,34.4,3456,131072,2593.4,1257.0,3.235,0.347,2885604.0
Qwen3-30B-A3B,Qwen,30,3.0,True,INT8,H200 SXM,1,1x H200 SXM,Enterprise,141,34.4,4800,131072,6184.4,726.0,3.364,0.151,6617330.0
Qwen3-30B-A3B,Qwen,30,3.0,True,INT8,H100 SXM,2,2x H100 SXM,Enterprise,160,34.4,6700,131072,6218.9,1293.0,4.807,0.215,4657292.0
Qwen3-30B-A3B,Qwen,30,3.0,True,INT8,A100 80GB,4,4x A100 80GB,Enterprise,320,34.4,8156,131072,7357.3,1467.0,5.099,0.193,5194463.0
Qwen3-30B-A3B,Qwen,30,3.0,True,INT8,H200 SXM,2,2x H200 SXM,Enterprise,282,34.4,9600,131072,8248.2,1284.0,7.031,0.237,4223354.0
Qwen3-30B-A3B,Qwen,30,3.0,True,INT8,H100 SXM,4,4x H100 SXM,Enterprise,320,34.4,13400,131072,11102.0,2503.0,9.337,0.234,4280450.0
Qwen3-32B,Qwen,32,32.0,False,FP16,A100 80GB,1,1x A100 80GB,Enterprise,80,71.1,2039,8192,20.1,476.0,1.334,18.404,54335.0
Qwen3-32B,Qwen,32,32.0,False,FP16,RTX 4090,4,4x RTX 4090,Consumer,96,71.1,4032,65536,152.8,1681.0,1.433,2.606,383786.0
Qwen3-32B,Qwen,32,32.0,False,FP16,L40S,2,2x L40S,Workstation,96,71.1,1728,65536,79.4,710.0,1.538,5.382,185812.0
Qwen3-32B,Qwen,32,32.0,False,FP16,H100 SXM,1,1x H100 SXM,Enterprise,80,71.1,3350,8192,25.1,716.0,2.448,27.146,36838.0
Qwen3-32B,Qwen,32,32.0,False,FP16,A100 80GB,2,2x A100 80GB,Enterprise,160,71.1,4078,131072,476.6,814.0,2.63,1.533,652522.0
Qwen3-32B,Qwen,32,32.0,False,FP16,L40S,4,4x L40S,Workstation,192,71.1,3456,131072,368.3,1302.0,3.064,2.311,432738.0
Qwen3-32B,Qwen,32,32.0,False,FP16,H200 SXM,1,1x H200 SXM,Enterprise,141,71.1,4800,131072,727.8,716.0,3.258,1.243,804310.0
Qwen3-32B,Qwen,32,32.0,False,FP16,H100 SXM,2,2x H100 SXM,Enterprise,160,71.1,6700,131072,761.1,1354.0,5.238,1.912,523094.0
Qwen3-32B,Qwen,32,32.0,False,FP16,A100 80GB,4,4x A100 80GB,Enterprise,320,71.1,8156,131072,896.4,1517.0,5.258,1.63,613664.0
Qwen3-32B,Qwen,32,32.0,False,FP16,H200 SXM,2,2x H200 SXM,Enterprise,282,71.1,9600,131072,1198.1,1308.0,7.146,1.657,603585.0
Qwen3-32B,Qwen,32,32.0,False,FP16,H100 SXM,4,4x H100 SXM,Enterprise,320,71.1,13400,131072,1567.8,2513.0,10.364,1.836,544604.0
Qwen3-32B,Qwen,32,32.0,False,FP16,A100 80GB,8,8x A100 80GB,Enterprise,640,71.1,16312,131072,1555.7,2876.0,10.426,1.861,537206.0
Qwen3-32B,Qwen,32,32.0,False,FP16,H200 SXM,4,4x H200 SXM,Enterprise,564,71.1,19200,131072,2177.2,2501.0,13.661,1.743,573749.0
Qwen3-32B,Qwen,32,32.0,False,FP16,H100 SXM,8,8x H100 SXM,Enterprise,640,71.1,26800,131072,2427.6,4900.0,19.267,2.205,453604.0
Qwen3-32B,Qwen,32,32.0,False,FP16,H200 SXM,8,8x H200 SXM,Enterprise,1128,71.1,38400,131072,3486.5,4860.0,26.239,2.091,478341.0
Qwen3-32B,Qwen,32,32.0,False,INT4,RTX 3090,1,1x RTX 3090,Consumer,24,19.3,936,8192,30.4,410.0,0.218,1.99,502590.0
Qwen3-32B,Qwen,32,32.0,False,INT4,RTX 4090,1,1x RTX 4090,Consumer,24,19.3,1008,8192,39.5,503.0,0.358,2.52,396836.0
Qwen3-32B,Qwen,32,32.0,False,INT4,RTX 3090,2,2x RTX 3090,Consumer,48,19.3,1872,65536,494.7,741.0,0.436,0.245,4088341.0
Qwen3-32B,Qwen,32,32.0,False,INT4,RTX 4090,2,2x RTX 4090,Consumer,48,19.3,2016,65536,479.3,887.0,0.687,0.398,2510075.0
Qwen3-32B,Qwen,32,32.0,False,INT4,L40S,1,1x L40S,Workstation,48,19.3,864,65536,260.5,414.0,0.778,0.83,1204673.0
Qwen3-32B,Qwen,32,32.0,False,INT4,A100 80GB,1,1x A100 80GB,Enterprise,80,19.3,2039,131072,952.5,466.0,1.252,0.365,2738953.0
Qwen3-32B,Qwen,32,32.0,False,INT4,RTX 4090,4,4x RTX 4090,Consumer,96,19.3,4032,131072,2114.2,1678.0,1.331,0.175,5717768.0
Qwen3-32B,Qwen,32,32.0,False,INT4,L40S,2,2x L40S,Workstation,96,19.3,1728,131072,923.0,715.0,1.593,0.479,2085687.0
Qwen3-32B,Qwen,32,32.0,False,INT4,H100 SXM,1,1x H100 SXM,Enterprise,80,19.3,3350,131072,1729.7,727.0,2.39,0.384,2605732.0
Qwen3-32B,Qwen,32,32.0,False,INT4,A100 80GB,2,2x A100 80GB,Enterprise,160,19.3,4078,131072,1829.0,799.0,2.587,0.393,2545635.0
Qwen3-32B,Qwen,32,32.0,False,INT4,L40S,4,4x L40S,Workstation,192,19.3,3456,131072,1473.4,1319.0,3.2,0.603,1657419.0
Qwen3-32B,Qwen,32,32.0,False,INT4,H200 SXM,1,1x H200 SXM,Enterprise,141,19.3,4800,131072,2886.9,701.0,3.464,0.333,3000503.0
Qwen3-32B,Qwen,32,32.0,False,INT4,H100 SXM,2,2x H100 SXM,Enterprise,160,19.3,6700,131072,3257.7,1295.0,4.973,0.424,2358265.0
Qwen3-32B,Qwen,32,32.0,False,INT4,H200 SXM,2,2x H200 SXM,Enterprise,282,19.3,9600,131072,4832.2,1260.0,6.382,0.367,2725917.0
Qwen3-32B,Qwen,32,32.0,False,INT8,RTX 3090,2,2x RTX 3090,Consumer,48,36.6,1872,32768,84.3,704.0,0.423,1.395,716610.0
Qwen3-32B,Qwen,32,32.0,False,INT8,RTX 4090,2,2x RTX 4090,Consumer,48,36.6,2016,32768,95.2,892.0,0.644,1.878,532580.0
Qwen3-32B,Qwen,32,32.0,False,INT8,L40S,1,1x L40S,Workstation,48,36.6,864,32768,49.7,418.0,0.77,4.3,232537.0
Qwen3-32B,Qwen,32,32.0,False,INT8,A100 80GB,1,1x A100 80GB,Enterprise,80,36.6,2039,131072,371.8,457.0,1.298,0.97,1030801.0
Qwen3-32B,Qwen,32,32.0,False,INT8,RTX 4090,4,4x RTX 4090,Consumer,96,36.6,4032,131072,762.7,1683.0,1.403,0.511,1956709.0
Qwen3-32B,Qwen,32,32.0,False,INT8,L40S,2,2x L40S,Workstation,96,36.6,1728,131072,357.4,720.0,1.598,1.242,805237.0
Qwen3-32B,Qwen,32,32.0,False,INT8,H100 SXM,1,1x H100 SXM,Enterprise,80,36.6,3350,131072,652.0,718.0,2.51,1.07,934919.0
Qwen3-32B,Qwen,32,32.0,False,INT8,A100 80GB,2,2x A100 80GB,Enterprise,160,36.6,4078,131072,1006.6,791.0,2.6,0.717,1394030.0
Qwen3-32B,Qwen,32,32.0,False,INT8,L40S,4,4x L40S,Workstation,192,36.6,3456,131072,804.9,1339.0,3.147,1.086,920570.0
Qwen3-32B,Qwen,32,32.0,False,INT8,H200 SXM,1,1x H200 SXM,Enterprise,141,36.6,4800,131072,1417.7,715.0,3.378,0.662,1510891.0
Qwen3-32B,Qwen,32,32.0,False,INT8,H100 SXM,2,2x H100 SXM,Enterprise,160,36.6,6700,131072,1539.4,1297.0,5.195,0.937,1066829.0
Qwen3-32B,Qwen,32,32.0,False,INT8,A100 80GB,4,4x A100 80GB,Enterprise,320,36.6,8156,131072,1673.1,1461.0,5.208,0.865,1156506.0
Qwen3-32B,Qwen,32,32.0,False,INT8,H200 SXM,2,2x H200 SXM,Enterprise,282,36.6,9600,131072,2617.4,1240.0,6.861,0.728,1373476.0
Qwen3-32B,Qwen,32,32.0,False,INT8,H100 SXM,4,4x H100 SXM,Enterprise,320,36.6,13400,131072,2612.3,2394.0,9.404,1.0,1000079.0
Qwen3-32B,Qwen,32,32.0,False,INT8,H200 SXM,4,4x H200 SXM,Enterprise,564,36.6,19200,131072,4552.9,2444.0,13.405,0.818,1222666.0
Llama-3.3-70B,Llama,70,70.0,False,FP16,L40S,4,4x L40S,Workstation,192,153.2,3456,65536,59.4,1304.0,3.15,14.733,67874.0
Llama-3.3-70B,Llama,70,70.0,False,FP16,A100 80GB,4,4x A100 80GB,Enterprise,320,153.2,8156,131072,396.2,1487.0,5.307,3.721,268761.0
Llama-3.3-70B,Llama,70,70.0,False,FP16,H200 SXM,2,2x H200 SXM,Enterprise,282,153.2,9600,131072,527.4,1299.0,6.788,3.575,279727.0
Llama-3.3-70B,Llama,70,70.0,False,FP16,H100 SXM,4,4x H100 SXM,Enterprise,320,153.2,13400,131072,665.9,2562.0,9.831,4.101,243855.0
Llama-3.3-70B,Llama,70,70.0,False,FP16,A100 80GB,8,8x A100 80GB,Enterprise,640,153.2,16312,131072,620.3,2773.0,9.982,4.47,223735.0
Llama-3.3-70B,Llama,70,70.0,False,FP16,H200 SXM,4,4x H200 SXM,Enterprise,564,153.2,19200,131072,913.3,2552.0,13.285,4.04,247502.0
Llama-3.3-70B,Llama,70,70.0,False,FP16,H100 SXM,8,8x H100 SXM,Enterprise,640,153.2,26800,131072,907.1,4714.0,19.422,5.948,168127.0
Llama-3.3-70B,Llama,70,70.0,False,FP16,H200 SXM,8,8x H200 SXM,Enterprise,1128,153.2,38400,131072,1489.1,4927.0,25.871,4.826,207211.0
Llama-3.3-70B,Llama,70,70.0,False,INT4,RTX 3090,2,2x RTX 3090,Consumer,48,39.8,1872,8192,26.6,718.0,0.452,4.721,211834.0
Llama-3.3-70B,Llama,70,70.0,False,INT4,RTX 4090,2,2x RTX 4090,Consumer,48,39.8,2016,8192,27.9,906.0,0.686,6.832,146378.0
Llama-3.3-70B,Llama,70,70.0,False,INT4,L40S,1,1x L40S,Workstation,48,39.8,864,8192,14.0,387.0,0.749,14.912,67061.0
Llama-3.3-70B,Llama,70,70.0,False,INT4,RTX 4090,4,4x RTX 4090,Consumer,96,39.8,4032,131072,498.7,1661.0,1.24,0.691,1447365.0
Llama-3.3-70B,Llama,70,70.0,False,INT4,A100 80GB,1,1x A100 80GB,Enterprise,80,39.8,2039,65536,305.3,460.0,1.306,1.188,841781.0
Llama-3.3-70B,Llama,70,70.0,False,INT4,L40S,2,2x L40S,Workstation,96,39.8,1728,131072,266.6,722.0,1.525,1.589,629413.0
Llama-3.3-70B,Llama,70,70.0,False,INT4,A100 80GB,2,2x A100 80GB,Enterprise,160,39.8,4078,131072,1043.9,802.0,2.502,0.666,1501790.0
Llama-3.3-70B,Llama,70,70.0,False,INT4,H100 SXM,1,1x H100 SXM,Enterprise,80,39.8,3350,65536,423.3,704.0,2.559,1.679,595443.0
Llama-3.3-70B,Llama,70,70.0,False,INT4,L40S,4,4x L40S,Workstation,192,39.8,3456,131072,638.0,1346.0,3.114,1.356,737568.0
Llama-3.3-70B,Llama,70,70.0,False,INT4,H200 SXM,1,1x H200 SXM,Enterprise,141,39.8,4800,131072,1195.5,731.0,3.348,0.778,1285453.0
Llama-3.3-70B,Llama,70,70.0,False,INT4,A100 80GB,4,4x A100 80GB,Enterprise,320,39.8,8156,131072,1575.3,1479.0,4.949,0.873,1145938.0
Llama-3.3-70B,Llama,70,70.0,False,INT4,H100 SXM,2,2x H100 SXM,Enterprise,160,39.8,6700,131072,1538.5,1303.0,4.964,0.896,1115737.0
Llama-3.3-70B,Llama,70,70.0,False,INT4,H200 SXM,2,2x H200 SXM,Enterprise,282,39.8,9600,131072,1972.3,1322.0,6.874,0.968,1032896.0
Llama-3.3-70B,Llama,70,70.0,False,INT4,H100 SXM,4,4x H100 SXM,Enterprise,320,39.8,13400,131072,2651.3,2531.0,9.661,1.012,987913.0
Llama-3.3-70B,Llama,70,70.0,False,INT4,H200 SXM,4,4x H200 SXM,Enterprise,564,39.8,19200,131072,3322.0,2511.0,13.859,1.159,862905.0
Llama-3.3-70B,Llama,70,70.0,False,INT8,RTX 4090,4,4x RTX 4090,Consumer,96,77.6,4032,32768,73.4,1653.0,1.354,5.127,195047.0
Llama-3.3-70B,Llama,70,70.0,False,INT8,L40S,2,2x L40S,Workstation,96,77.6,1728,32768,40.1,706.0,1.678,11.615,86097.0
Llama-3.3-70B,Llama,70,70.0,False,INT8,A100 80GB,2,2x A100 80GB,Enterprise,160,77.6,4078,131072,374.5,788.0,2.611,1.936,516407.0
Llama-3.3-70B,Llama,70,70.0,False,INT8,L40S,4,4x L40S,Workstation,192,77.6,3456,131072,330.9,1277.0,3.167,2.658,376206.0
Llama-3.3-70B,Llama,70,70.0,False,INT8,H200 SXM,1,1x H200 SXM,Enterprise,141,77.6,4800,131072,453.1,712.0,3.398,2.083,480114.0
Llama-3.3-70B,Llama,70,70.0,False,INT8,H100 SXM,2,2x H100 SXM,Enterprise,160,77.6,6700,131072,733.7,1261.0,4.933,1.867,535515.0
Llama-3.3-70B,Llama,70,70.0,False,INT8,A100 80GB,4,4x A100 80GB,Enterprise,320,77.6,8156,131072,826.0,1462.0,5.313,1.787,559732.0
Llama-3.3-70B,Llama,70,70.0,False,INT8,H200 SXM,2,2x H200 SXM,Enterprise,282,77.6,9600,131072,1099.9,1322.0,7.017,1.772,564309.0
Llama-3.3-70B,Llama,70,70.0,False,INT8,H100 SXM,4,4x H100 SXM,Enterprise,320,77.6,13400,131072,1222.2,2506.0,9.789,2.225,449467.0
Llama-3.3-70B,Llama,70,70.0,False,INT8,A100 80GB,8,8x A100 80GB,Enterprise,640,77.6,16312,131072,1463.4,2922.0,10.484,1.99,502497.0
Llama-3.3-70B,Llama,70,70.0,False,INT8,H200 SXM,4,4x H200 SXM,Enterprise,564,77.6,19200,131072,2093.0,2515.0,13.8,1.831,546009.0
Llama-3.3-70B,Llama,70,70.0,False,INT8,H100 SXM,8,8x H100 SXM,Enterprise,640,77.6,26800,131072,2190.8,5064.0,19.819,2.513,397951.0
Llama-3.3-70B,Llama,70,70.0,False,INT8,H200 SXM,8,8x H200 SXM,Enterprise,1128,77.6,38400,131072,2911.5,4871.0,27.885,2.66,375877.0
Qwen2.5-72B,Qwen,72,72.0,False,FP16,L40S,4,4x L40S,Workstation,192,157.5,3456,32768,48.3,1327.0,3.027,17.403,57460.0
Qwen2.5-72B,Qwen,72,72.0,False,FP16,A100 80GB,4,4x A100 80GB,Enterprise,320,157.5,8156,131072,395.2,1471.0,5.085,3.574,279807.0
Qwen2.5-72B,Qwen,72,72.0,False,FP16,H200 SXM,2,2x H200 SXM,Enterprise,282,157.5,9600,131072,566.5,1308.0,6.632,3.252,307512.0
Qwen2.5-72B,Qwen,72,72.0,False,FP16,H100 SXM,4,4x H100 SXM,Enterprise,320,157.5,13400,131072,694.7,2495.0,10.065,4.024,248484.0
Qwen2.5-72B,Qwen,72,72.0,False,FP16,A100 80GB,8,8x A100 80GB,Enterprise,640,157.5,16312,131072,697.7,2924.0,10.876,4.33,230941.0
Qwen2.5-72B,Qwen,72,72.0,False,FP16,H200 SXM,4,4x H200 SXM,Enterprise,564,157.5,19200,131072,881.2,2532.0,13.561,4.275,233923.0
Qwen2.5-72B,Qwen,72,72.0,False,FP16,H100 SXM,8,8x H100 SXM,Enterprise,640,157.5,26800,131072,1138.1,4892.0,19.998,4.881,204879.0
Qwen2.5-72B,Qwen,72,72.0,False,FP16,H200 SXM,8,8x H200 SXM,Enterprise,1128,157.5,38400,131072,1582.8,4945.0,26.815,4.706,212496.0
Qwen2.5-72B,Qwen,72,72.0,False,INT4,RTX 3090,2,2x RTX 3090,Consumer,48,40.9,1872,8192,25.3,701.0,0.446,4.9,204070.0
Qwen2.5-72B,Qwen,72,72.0,False,INT4,RTX 4090,2,2x RTX 4090,Consumer,48,40.9,2016,8192,23.8,881.0,0.682,7.957,125670.0
Qwen2.5-72B,Qwen,72,72.0,False,INT4,L40S,1,1x L40S,Workstation,48,40.9,864,8192,13.3,421.0,0.793,16.504,60592.0
Qwen2.5-72B,Qwen,72,72.0,False,INT4,A100 80GB,1,1x A100 80GB,Enterprise,80,40.9,2039,65536,238.0,450.0,1.308,1.526,655124.0
Qwen2.5-72B,Qwen,72,72.0,False,INT4,RTX 4090,4,4x RTX 4090,Consumer,96,40.9,4032,131072,560.8,1605.0,1.42,0.703,1421740.0
Qwen2.5-72B,Qwen,72,72.0,False,INT4,L40S,2,2x L40S,Workstation,96,40.9,1728,131072,247.8,713.0,1.649,1.848,541094.0
Qwen2.5-72B,Qwen,72,72.0,False,INT4,A100 80GB,2,2x A100 80GB,Enterprise,160,40.9,4078,131072,1003.6,799.0,2.565,0.71,1408661.0
Qwen2.5-72B,Qwen,72,72.0,False,INT4,H100 SXM,1,1x H100 SXM,Enterprise,80,40.9,3350,65536,472.9,707.0,2.597,1.526,655488.0
Qwen2.5-72B,Qwen,72,72.0,False,INT4,L40S,4,4x L40S,Workstation,192,40.9,3456,131072,632.5,1340.0,3.099,1.361,734726.0
Qwen2.5-72B,Qwen,72,72.0,False,INT4,H200 SXM,1,1x H200 SXM,Enterprise,141,40.9,4800,131072,1232.2,706.0,3.391,0.764,1308241.0
Qwen2.5-72B,Qwen,72,72.0,False,INT4,A100 80GB,4,4x A100 80GB,Enterprise,320,40.9,8156,131072,1418.7,1473.0,4.913,0.962,1039444.0
Qwen2.5-72B,Qwen,72,72.0,False,INT4,H100 SXM,2,2x H100 SXM,Enterprise,160,40.9,6700,131072,1518.5,1306.0,5.045,0.923,1083631.0
Qwen2.5-72B,Qwen,72,72.0,False,INT4,H200 SXM,2,2x H200 SXM,Enterprise,282,40.9,9600,131072,2261.4,1315.0,6.647,0.816,1224864.0
Qwen2.5-72B,Qwen,72,72.0,False,INT4,H100 SXM,4,4x H100 SXM,Enterprise,320,40.9,13400,131072,2547.9,2506.0,9.838,1.073,932338.0
Qwen2.5-72B,Qwen,72,72.0,False,INT4,A100 80GB,8,8x A100 80GB,Enterprise,640,40.9,16312,131072,2450.3,2853.0,10.728,1.216,822207.0
Qwen2.5-72B,Qwen,72,72.0,False,INT4,H200 SXM,4,4x H200 SXM,Enterprise,564,40.9,19200,131072,3958.4,2579.0,13.761,0.966,1035549.0
Qwen2.5-72B,Qwen,72,72.0,False,INT4,H100 SXM,8,8x H100 SXM,Enterprise,640,40.9,26800,131072,3873.5,4729.0,20.31,1.456,686578.0
Qwen2.5-72B,Qwen,72,72.0,False,INT8,RTX 4090,4,4x RTX 4090,Consumer,96,79.8,4032,16384,57.8,1663.0,1.31,6.295,158868.0
Qwen2.5-72B,Qwen,72,72.0,False,INT8,L40S,2,2x L40S,Workstation,96,79.8,1728,16384,30.5,708.0,1.502,13.667,73167.0
Qwen2.5-72B,Qwen,72,72.0,False,INT8,A100 80GB,2,2x A100 80GB,Enterprise,160,79.8,4078,131072,375.4,795.0,2.628,1.945,514186.0
Qwen2.5-72B,Qwen,72,72.0,False,INT8,L40S,4,4x L40S,Workstation,192,79.8,3456,131072,302.2,1283.0,3.165,2.909,343773.0
Qwen2.5-72B,Qwen,72,72.0,False,INT8,H200 SXM,1,1x H200 SXM,Enterprise,141,79.8,4800,131072,410.0,729.0,3.333,2.258,442830.0
Qwen2.5-72B,Qwen,72,72.0,False,INT8,H100 SXM,2,2x H100 SXM,Enterprise,160,79.8,6700,131072,529.4,1311.0,4.979,2.612,382788.0
Qwen2.5-72B,Qwen,72,72.0,False,INT8,A100 80GB,4,4x A100 80GB,Enterprise,320,79.8,8156,131072,791.0,1489.0,5.223,1.834,545153.0
Qwen2.5-72B,Qwen,72,72.0,False,INT8,H200 SXM,2,2x H200 SXM,Enterprise,282,79.8,9600,131072,1131.5,1328.0,6.586,1.617,618539.0
Qwen2.5-72B,Qwen,72,72.0,False,INT8,H100 SXM,4,4x H100 SXM,Enterprise,320,79.8,13400,131072,1364.7,2559.0,10.021,2.04,490267.0
Qwen2.5-72B,Qwen,72,72.0,False,INT8,A100 80GB,8,8x A100 80GB,Enterprise,640,79.8,16312,131072,1371.1,2720.0,10.207,2.068,483561.0
Qwen2.5-72B,Qwen,72,72.0,False,INT8,H200 SXM,4,4x H200 SXM,Enterprise,564,79.8,19200,131072,1945.9,2535.0,13.601,1.942,515026.0
Qwen2.5-72B,Qwen,72,72.0,False,INT8,H100 SXM,8,8x H100 SXM,Enterprise,640,79.8,26800,131072,2077.5,4927.0,19.605,2.621,381498.0
Qwen2.5-72B,Qwen,72,72.0,False,INT8,H200 SXM,8,8x H200 SXM,Enterprise,1128,79.8,38400,131072,2917.9,4796.0,26.683,2.54,393681.0
gpt-oss-120B,OpenAI,117,5.1,True,FP16,A100 80GB,4,4x A100 80GB,Enterprise,320,254.7,8156,131072,2098.2,1497.0,4.96,0.657,1522887.0
gpt-oss-120B,OpenAI,117,5.1,True,FP16,H200 SXM,2,2x H200 SXM,Enterprise,282,254.7,9600,65536,1206.8,1333.0,6.703,1.543,648166.0
gpt-oss-120B,OpenAI,117,5.1,True,FP16,H100 SXM,4,4x H100 SXM,Enterprise,320,254.7,13400,131072,3415.8,2475.0,9.837,0.8,1250006.0
gpt-oss-120B,OpenAI,117,5.1,True,FP16,A100 80GB,8,8x A100 80GB,Enterprise,640,254.7,16312,131072,3727.0,2949.0,10.464,0.78,1282175.0
gpt-oss-120B,OpenAI,117,5.1,True,FP16,H200 SXM,4,4x H200 SXM,Enterprise,564,254.7,19200,131072,5169.9,2444.0,14.1,0.758,1319922.0
gpt-oss-120B,OpenAI,117,5.1,True,FP16,H100 SXM,8,8x H100 SXM,Enterprise,640,254.7,26800,131072,5859.9,4843.0,20.468,0.97,1030685.0
gpt-oss-120B,OpenAI,117,5.1,True,FP16,H200 SXM,8,8x H200 SXM,Enterprise,1128,254.7,38400,131072,9329.2,4974.0,25.888,0.771,1297346.0
gpt-oss-120B,OpenAI,117,5.1,True,INT4,A100 80GB,1,1x A100 80GB,Enterprise,80,65.2,2039,65536,2049.8,473.0,1.257,0.17,5870500.0
gpt-oss-120B,OpenAI,117,5.1,True,INT4,RTX 4090,4,4x RTX 4090,Consumer,96,65.2,4032,131072,4048.3,1673.0,1.37,0.094,10634501.0
gpt-oss-120B,OpenAI,117,5.1,True,INT4,L40S,2,2x L40S,Workstation,96,65.2,1728,131072,2232.2,715.0,1.604,0.2,5008874.0
gpt-oss-120B,OpenAI,117,5.1,True,INT4,H100 SXM,1,1x H100 SXM,Enterprise,80,65.2,3350,65536,2880.4,727.0,2.559,0.247,4052432.0
gpt-oss-120B,OpenAI,117,5.1,True,INT4,A100 80GB,2,2x A100 80GB,Enterprise,160,65.2,4078,131072,5844.9,816.0,2.655,0.126,7924763.0
gpt-oss-120B,OpenAI,117,5.1,True,INT4,L40S,4,4x L40S,Workstation,192,65.2,3456,131072,3512.6,1368.0,3.011,0.238,4199246.0
gpt-oss-120B,OpenAI,117,5.1,True,INT4,H200 SXM,1,1x H200 SXM,Enterprise,141,65.2,4800,131072,5467.5,697.0,3.504,0.178,5617344.0
gpt-oss-120B,OpenAI,117,5.1,True,INT4,H100 SXM,2,2x H100 SXM,Enterprise,160,65.2,6700,131072,8656.6,1330.0,4.94,0.159,6309087.0
gpt-oss-120B,OpenAI,117,5.1,True,INT4,A100 80GB,4,4x A100 80GB,Enterprise,320,65.2,8156,131072,8567.5,1474.0,5.128,0.166,6015116.0
gpt-oss-120B,OpenAI,117,5.1,True,INT4,H200 SXM,2,2x H200 SXM,Enterprise,282,65.2,9600,131072,11267.5,1319.0,6.497,0.16,6243229.0
gpt-oss-120B,OpenAI,117,5.1,True,INT4,H100 SXM,4,4x H100 SXM,Enterprise,320,65.2,13400,131072,13098.4,2457.0,9.471,0.201,4978621.0
gpt-oss-120B,OpenAI,117,5.1,True,INT4,A100 80GB,8,8x A100 80GB,Enterprise,640,65.2,16312,131072,14948.0,2920.0,10.376,0.193,5186196.0
gpt-oss-120B,OpenAI,117,5.1,True,INT4,H200 SXM,4,4x H200 SXM,Enterprise,564,65.2,19200,131072,22233.7,2493.0,13.678,0.171,5851840.0
gpt-oss-120B,OpenAI,117,5.1,True,INT4,H100 SXM,8,8x H100 SXM,Enterprise,640,65.2,26800,131072,24292.2,4872.0,19.657,0.225,4448880.0
gpt-oss-120B,OpenAI,117,5.1,True,INT8,A100 80GB,2,2x A100 80GB,Enterprise,160,128.4,4078,131072,2510.3,806.0,2.623,0.29,3445249.0
gpt-oss-120B,OpenAI,117,5.1,True,INT8,L40S,4,4x L40S,Workstation,192,128.4,3456,131072,1920.7,1321.0,3.008,0.435,2298878.0
gpt-oss-120B,OpenAI,117,5.1,True,INT8,H200 SXM,1,1x H200 SXM,Enterprise,141,128.4,4800,16384,728.0,722.0,3.2,1.221,819049.0
gpt-oss-120B,OpenAI,117,5.1,True,INT8,H100 SXM,2,2x H100 SXM,Enterprise,160,128.4,6700,131072,4082.1,1264.0,4.994,0.34,2942623.0
gpt-oss-120B,OpenAI,117,5.1,True,INT8,A100 80GB,4,4x A100 80GB,Enterprise,320,128.4,8156,131072,4330.2,1489.0,5.388,0.346,2893135.0
gpt-oss-120B,OpenAI,117,5.1,True,INT8,H200 SXM,2,2x H200 SXM,Enterprise,282,128.4,9600,131072,6721.7,1326.0,6.743,0.279,3588698.0
gpt-oss-120B,OpenAI,117,5.1,True,INT8,H100 SXM,4,4x H100 SXM,Enterprise,320,128.4,13400,131072,7661.6,2446.0,10.061,0.365,2741590.0
gpt-oss-120B,OpenAI,117,5.1,True,INT8,A100 80GB,8,8x A100 80GB,Enterprise,640,128.4,16312,131072,7915.6,2677.0,10.222,0.359,2787800.0
gpt-oss-120B,OpenAI,117,5.1,True,INT8,H200 SXM,4,4x H200 SXM,Enterprise,564,128.4,19200,131072,10485.1,2430.0,14.041,0.372,2688285.0
gpt-oss-120B,OpenAI,117,5.1,True,INT8,H100 SXM,8,8x H100 SXM,Enterprise,640,128.4,26800,131072,11145.0,4814.0,20.803,0.518,1928682.0
gpt-oss-120B,OpenAI,117,5.1,True,INT8,H200 SXM,8,8x H200 SXM,Enterprise,1128,128.4,38400,131072,16705.4,4860.0,26.72,0.444,2250731.0
Mistral-Large-123B,Mistral,123,123.0,False,FP16,A100 80GB,4,4x A100 80GB,Enterprise,320,267.7,8156,65536,77.6,1517.0,5.335,19.091,52380.0
Mistral-Large-123B,Mistral,123,123.0,False,FP16,H100 SXM,4,4x H100 SXM,Enterprise,320,267.7,13400,65536,109.6,2535.0,9.555,24.218,41291.0
Mistral-Large-123B,Mistral,123,123.0,False,FP16,A100 80GB,8,8x A100 80GB,Enterprise,640,267.7,16312,131072,401.2,2874.0,10.481,7.256,137814.0
Mistral-Large-123B,Mistral,123,123.0,False,FP16,H200 SXM,4,4x H200 SXM,Enterprise,564,267.7,19200,131072,589.4,2486.0,13.091,6.17,162076.0
Mistral-Large-123B,Mistral,123,123.0,False,FP16,H100 SXM,8,8x H100 SXM,Enterprise,640,267.7,26800,131072,594.6,5007.0,20.422,9.541,104807.0
Mistral-Large-123B,Mistral,123,123.0,False,FP16,H200 SXM,8,8x H200 SXM,Enterprise,1128,267.7,38400,131072,888.3,4890.0,27.184,8.5,117642.0
Mistral-Large-123B,Mistral,123,123.0,False,INT4,A100 80GB,1,1x A100 80GB,Enterprise,80,68.4,2039,8192,18.4,460.0,1.347,20.355,49127.0
Mistral-Large-123B,Mistral,123,123.0,False,INT4,RTX 4090,4,4x RTX 4090,Consumer,96,68.4,4032,32768,117.1,1637.0,1.402,3.324,300820.0
Mistral-Large-123B,Mistral,123,123.0,False,INT4,L40S,2,2x L40S,Workstation,96,68.4,1728,32768,61.4,718.0,1.626,7.359,135892.0
Mistral-Large-123B,Mistral,123,123.0,False,INT4,H100 SXM,1,1x H100 SXM,Enterprise,80,68.4,3350,8192,33.9,709.0,2.463,20.189,49531.0
Mistral-Large-123B,Mistral,123,123.0,False,INT4,A100 80GB,2,2x A100 80GB,Enterprise,160,68.4,4078,131072,345.0,777.0,2.488,2.003,499229.0
Mistral-Large-123B,Mistral,123,123.0,False,INT4,L40S,4,4x L40S,Workstation,192,68.4,3456,131072,390.5,1295.0,3.226,2.295,435780.0
Mistral-Large-123B,Mistral,123,123.0,False,INT4,H200 SXM,1,1x H200 SXM,Enterprise,141,68.4,4800,131072,473.2,696.0,3.477,2.041,489947.0
Mistral-Large-123B,Mistral,123,123.0,False,INT4,A100 80GB,4,4x A100 80GB,Enterprise,320,68.4,8156,131072,879.8,1472.0,4.927,1.555,642905.0
Mistral-Large-123B,Mistral,123,123.0,False,INT4,H100 SXM,2,2x H100 SXM,Enterprise,160,68.4,6700,131072,632.2,1260.0,4.963,2.18,458615.0
Mistral-Large-123B,Mistral,123,123.0,False,INT4,H200 SXM,2,2x H200 SXM,Enterprise,282,68.4,9600,131072,1178.6,1327.0,6.778,1.597,625997.0
Mistral-Large-123B,Mistral,123,123.0,False,INT4,H100 SXM,4,4x H100 SXM,Enterprise,320,68.4,13400,131072,1377.0,2496.0,9.482,1.913,522809.0
Mistral-Large-123B,Mistral,123,123.0,False,INT4,A100 80GB,8,8x A100 80GB,Enterprise,640,68.4,16312,131072,1426.2,2791.0,11.081,2.158,463359.0
Mistral-Large-123B,Mistral,123,123.0,False,INT4,H200 SXM,4,4x H200 SXM,Enterprise,564,68.4,19200,131072,1914.4,2484.0,13.709,1.989,502750.0
Mistral-Large-123B,Mistral,123,123.0,False,INT4,H100 SXM,8,8x H100 SXM,Enterprise,640,68.4,26800,131072,2384.2,4895.0,20.139,2.346,426197.0
Mistral-Large-123B,Mistral,123,123.0,False,INT8,A100 80GB,2,2x A100 80GB,Enterprise,160,134.8,4078,16384,35.4,807.0,2.58,20.24,49408.0
Mistral-Large-123B,Mistral,123,123.0,False,INT8,L40S,4,4x L40S,Workstation,192,134.8,3456,65536,92.7,1301.0,3.193,9.566,104534.0
Mistral-Large-123B,Mistral,123,123.0,False,INT8,H100 SXM,2,2x H100 SXM,Enterprise,160,134.8,6700,16384,61.6,1255.0,4.846,21.862,45740.0
Mistral-Large-123B,Mistral,123,123.0,False,INT8,A100 80GB,4,4x A100 80GB,Enterprise,320,134.8,8156,131072,427.2,1473.0,5.131,3.337,299710.0
Mistral-Large-123B,Mistral,123,123.0,False,INT8,H200 SXM,2,2x H200 SXM,Enterprise,282,134.8,9600,131072,627.4,1308.0,6.781,3.002,333095.0
Mistral-Large-123B,Mistral,123,123.0,False,INT8,A100 80GB,8,8x A100 80GB,Enterprise,640,134.8,16312,131072,753.1,2941.0,10.29,3.795,263472.0
Mistral-Large-123B,Mistral,123,123.0,False,INT8,H100 SXM,4,4x H100 SXM,Enterprise,320,134.8,13400,131072,728.2,2466.0,10.373,3.957,252719.0
Mistral-Large-123B,Mistral,123,123.0,False,INT8,H200 SXM,4,4x H200 SXM,Enterprise,564,134.8,19200,131072,1196.7,2384.0,12.746,2.959,337995.0
Mistral-Large-123B,Mistral,123,123.0,False,INT8,H100 SXM,8,8x H100 SXM,Enterprise,640,134.8,26800,131072,1246.9,5006.0,19.957,4.446,224927.0
Mistral-Large-123B,Mistral,123,123.0,False,INT8,H200 SXM,8,8x H200 SXM,Enterprise,1128,134.8,38400,131072,1736.9,4881.0,27.681,4.427,225880.0
Qwen3-235B-A22B,Qwen,235,22.0,True,FP16,A100 80GB,8,8x A100 80GB,Enterprise,640,509.6,16312,131072,984.9,2926.0,10.225,2.884,346746.0
Qwen3-235B-A22B,Qwen,235,22.0,True,FP16,H200 SXM,4,4x H200 SXM,Enterprise,564,509.6,19200,32768,417.0,2480.0,14.157,9.43,106043.0
Qwen3-235B-A22B,Qwen,235,22.0,True,FP16,H100 SXM,8,8x H100 SXM,Enterprise,640,509.6,26800,131072,1324.3,4848.0,20.225,4.242,235723.0
Qwen3-235B-A22B,Qwen,235,22.0,True,FP16,H200 SXM,8,8x H200 SXM,Enterprise,1128,509.6,38400,131072,1966.6,5104.0,27.194,3.841,260340.0
Qwen3-235B-A22B,Qwen,235,22.0,True,INT4,A100 80GB,2,2x A100 80GB,Enterprise,160,128.9,4078,65536,653.4,805.0,2.64,1.122,890993.0
Qwen3-235B-A22B,Qwen,235,22.0,True,INT4,L40S,4,4x L40S,Workstation,192,128.9,3456,131072,911.1,1322.0,3.213,0.98,1020765.0
Qwen3-235B-A22B,Qwen,235,22.0,True,INT4,H200 SXM,1,1x H200 SXM,Enterprise,141,128.9,4800,4096,230.1,706.0,3.525,4.255,235027.0
Qwen3-235B-A22B,Qwen,235,22.0,True,INT4,H100 SXM,2,2x H100 SXM,Enterprise,160,128.9,6700,65536,1062.9,1294.0,4.82,1.26,793923.0
Qwen3-235B-A22B,Qwen,235,22.0,True,INT4,A100 80GB,4,4x A100 80GB,Enterprise,320,128.9,8156,131072,1865.4,1506.0,4.947,0.737,1357334.0
Qwen3-235B-A22B,Qwen,235,22.0,True,INT4,H200 SXM,2,2x H200 SXM,Enterprise,282,128.9,9600,131072,2810.6,1304.0,6.881,0.68,1470364.0
Qwen3-235B-A22B,Qwen,235,22.0,True,INT4,H100 SXM,4,4x H100 SXM,Enterprise,320,128.9,13400,131072,3172.7,2445.0,10.056,0.88,1135763.0
Qwen3-235B-A22B,Qwen,235,22.0,True,INT4,A100 80GB,8,8x A100 80GB,Enterprise,640,128.9,16312,131072,3450.0,2850.0,10.129,0.816,1226150.0
Qwen3-235B-A22B,Qwen,235,22.0,True,INT4,H200 SXM,4,4x H200 SXM,Enterprise,564,128.9,19200,131072,3950.9,2498.0,14.373,1.01,989610.0
Qwen3-235B-A22B,Qwen,235,22.0,True,INT4,H100 SXM,8,8x H100 SXM,Enterprise,640,128.9,26800,131072,5072.9,4949.0,19.214,1.052,950484.0
Qwen3-235B-A22B,Qwen,235,22.0,True,INT4,H200 SXM,8,8x H200 SXM,Enterprise,1128,128.9,38400,131072,8008.5,4887.0,27.566,0.956,1045876.0
Qwen3-235B-A22B,Qwen,235,22.0,True,INT8,A100 80GB,4,4x A100 80GB,Enterprise,320,255.8,8156,131072,955.8,1491.0,5.309,1.543,648146.0
Qwen3-235B-A22B,Qwen,235,22.0,True,INT8,H200 SXM,2,2x H200 SXM,Enterprise,282,255.8,9600,16384,301.1,1339.0,6.777,6.253,159915.0
Qwen3-235B-A22B,Qwen,235,22.0,True,INT8,H100 SXM,4,4x H100 SXM,Enterprise,320,255.8,13400,131072,1489.9,2502.0,9.576,1.785,560127.0
Qwen3-235B-A22B,Qwen,235,22.0,True,INT8,A100 80GB,8,8x A100 80GB,Enterprise,640,255.8,16312,131072,1596.0,2792.0,10.462,1.821,549160.0
Qwen3-235B-A22B,Qwen,235,22.0,True,INT8,H200 SXM,4,4x H200 SXM,Enterprise,564,255.8,19200,131072,1949.5,2490.0,13.494,1.923,520095.0
Qwen3-235B-A22B,Qwen,235,22.0,True,INT8,H100 SXM,8,8x H100 SXM,Enterprise,640,255.8,26800,131072,2494.2,4741.0,18.864,2.101,475992.0
Qwen3-235B-A22B,Qwen,235,22.0,True,INT8,H200 SXM,8,8x H200 SXM,Enterprise,1128,255.8,38400,131072,4570.6,4738.0,26.802,1.629,613918.0
GLM-4.6-357B,GLM,357,32.0,True,FP16,H200 SXM,8,8x H200 SXM,Enterprise,1128,773.1,38400,131072,1452.1,4685.0,25.751,4.926,203007.0
GLM-4.6-357B,GLM,357,32.0,True,INT4,A100 80GB,4,4x A100 80GB,Enterprise,320,194.8,8156,131072,1345.8,1417.0,5.256,1.085,921847.0
GLM-4.6-357B,GLM,357,32.0,True,INT4,H200 SXM,2,2x H200 SXM,Enterprise,282,194.8,9600,131072,2095.1,1303.0,6.951,0.922,1085085.0
GLM-4.6-357B,GLM,357,32.0,True,INT4,H100 SXM,4,4x H100 SXM,Enterprise,320,194.8,13400,131072,2049.2,2600.0,9.673,1.311,762608.0
GLM-4.6-357B,GLM,357,32.0,True,INT4,A100 80GB,8,8x A100 80GB,Enterprise,640,194.8,16312,131072,2410.1,2858.0,10.624,1.224,816686.0
GLM-4.6-357B,GLM,357,32.0,True,INT4,H200 SXM,4,4x H200 SXM,Enterprise,564,194.8,19200,131072,3263.1,2495.0,14.115,1.202,832266.0
GLM-4.6-357B,GLM,357,32.0,True,INT4,H100 SXM,8,8x H100 SXM,Enterprise,640,194.8,26800,131072,4013.4,4715.0,19.364,1.34,746130.0
GLM-4.6-357B,GLM,357,32.0,True,INT4,H200 SXM,8,8x H200 SXM,Enterprise,1128,194.8,38400,131072,5359.5,4706.0,26.466,1.372,729003.0
GLM-4.6-357B,GLM,357,32.0,True,INT8,A100 80GB,8,8x A100 80GB,Enterprise,640,387.6,16312,131072,1176.0,2799.0,10.726,2.534,394691.0
GLM-4.6-357B,GLM,357,32.0,True,INT8,H200 SXM,4,4x H200 SXM,Enterprise,564,387.6,19200,131072,1283.2,2488.0,13.483,2.919,342603.0
GLM-4.6-357B,GLM,357,32.0,True,INT8,H100 SXM,8,8x H100 SXM,Enterprise,640,387.6,26800,131072,1859.4,4691.0,19.162,2.863,349319.0
GLM-4.6-357B,GLM,357,32.0,True,INT8,H200 SXM,8,8x H200 SXM,Enterprise,1128,387.6,38400,131072,2642.5,4985.0,28.095,2.953,338600.0
Llama-4-Maverick-400B,Llama,400,17.0,True,FP16,H200 SXM,8,8x H200 SXM,Enterprise,1128,866.0,38400,131072,2669.2,4919.0,25.845,2.69,371791.0
Llama-4-Maverick-400B,Llama,400,17.0,True,INT4,A100 80GB,4,4x A100 80GB,Enterprise,320,218.0,8156,131072,2351.1,1452.0,5.062,0.598,1672137.0
Llama-4-Maverick-400B,Llama,400,17.0,True,INT4,H200 SXM,2,2x H200 SXM,Enterprise,282,218.0,9600,131072,2816.3,1311.0,6.989,0.689,1450605.0
Llama-4-Maverick-400B,Llama,400,17.0,True,INT4,H100 SXM,4,4x H100 SXM,Enterprise,320,218.0,13400,131072,3727.8,2501.0,9.894,0.737,1356349.0
Llama-4-Maverick-400B,Llama,400,17.0,True,INT4,A100 80GB,8,8x A100 80GB,Enterprise,640,218.0,16312,131072,3991.6,2849.0,10.546,0.734,1362578.0
Llama-4-Maverick-400B,Llama,400,17.0,True,INT4,H200 SXM,4,4x H200 SXM,Enterprise,564,218.0,19200,131072,5065.9,2517.0,14.044,0.77,1298597.0
Llama-4-Maverick-400B,Llama,400,17.0,True,INT4,H100 SXM,8,8x H100 SXM,Enterprise,640,218.0,26800,131072,7342.1,4879.0,19.051,0.721,1387394.0
Llama-4-Maverick-400B,Llama,400,17.0,True,INT4,H200 SXM,8,8x H200 SXM,Enterprise,1128,218.0,38400,131072,10150.9,4934.0,26.548,0.726,1376496.0
Llama-4-Maverick-400B,Llama,400,17.0,True,INT8,A100 80GB,8,8x A100 80GB,Enterprise,640,434.0,16312,131072,2065.4,2807.0,10.207,1.373,728481.0
Llama-4-Maverick-400B,Llama,400,17.0,True,INT8,H200 SXM,4,4x H200 SXM,Enterprise,564,434.0,19200,131072,3188.6,2540.0,13.501,1.176,850241.0
Llama-4-Maverick-400B,Llama,400,17.0,True,INT8,H100 SXM,8,8x H100 SXM,Enterprise,640,434.0,26800,131072,3223.7,4819.0,19.485,1.679,595607.0
Llama-4-Maverick-400B,Llama,400,17.0,True,INT8,H200 SXM,8,8x H200 SXM,Enterprise,1128,434.0,38400,131072,4986.2,4894.0,26.456,1.474,678510.0
Llama-3.1-405B,Llama,405,405.0,False,FP16,H200 SXM,8,8x H200 SXM,Enterprise,1128,876.8,38400,131072,264.6,4866.0,28.366,29.78,33579.0
Llama-3.1-405B,Llama,405,405.0,False,INT4,A100 80GB,4,4x A100 80GB,Enterprise,320,220.7,8156,65536,130.1,1461.0,5.056,10.79,92676.0
Llama-3.1-405B,Llama,405,405.0,False,INT4,H200 SXM,2,2x H200 SXM,Enterprise,282,220.7,9600,32768,98.3,1263.0,6.322,17.858,55997.0
Llama-3.1-405B,Llama,405,405.0,False,INT4,H100 SXM,4,4x H100 SXM,Enterprise,320,220.7,13400,65536,220.1,2544.0,9.814,12.386,80737.0
Llama-3.1-405B,Llama,405,405.0,False,INT4,A100 80GB,8,8x A100 80GB,Enterprise,640,220.7,16312,131072,442.4,2790.0,11.026,6.923,144441.0
Llama-3.1-405B,Llama,405,405.0,False,INT4,H200 SXM,4,4x H200 SXM,Enterprise,564,220.7,19200,131072,589.9,2566.0,13.542,6.376,156828.0
Llama-3.1-405B,Llama,405,405.0,False,INT4,H100 SXM,8,8x H100 SXM,Enterprise,640,220.7,26800,131072,756.2,4810.0,18.335,6.735,148475.0
Llama-3.1-405B,Llama,405,405.0,False,INT4,H200 SXM,8,8x H200 SXM,Enterprise,1128,220.7,38400,131072,1201.5,4920.0,27.757,6.417,155828.0
Llama-3.1-405B,Llama,405,405.0,False,INT8,A100 80GB,8,8x A100 80GB,Enterprise,640,439.4,16312,131072,217.8,2825.0,10.552,13.457,74312.0
Llama-3.1-405B,Llama,405,405.0,False,INT8,H200 SXM,4,4x H200 SXM,Enterprise,564,439.4,19200,65536,153.0,2574.0,13.129,23.844,41940.0
Llama-3.1-405B,Llama,405,405.0,False,INT8,H100 SXM,8,8x H100 SXM,Enterprise,640,439.4,26800,131072,380.3,5071.0,19.186,14.013,71364.0
Llama-3.1-405B,Llama,405,405.0,False,INT8,H200 SXM,8,8x H200 SXM,Enterprise,1128,439.4,38400,131072,496.4,4833.0,27.462,15.368,65068.0
DeepSeek-V3.2-685B,DeepSeek,685,37.0,True,INT4,A100 80GB,8,8x A100 80GB,Enterprise,640,371.9,16312,131072,2140.9,2784.0,10.179,1.321,757159.0
DeepSeek-V3.2-685B,DeepSeek,685,37.0,True,INT4,H200 SXM,4,4x H200 SXM,Enterprise,564,371.9,19200,131072,2627.2,2519.0,13.744,1.453,688131.0
DeepSeek-V3.2-685B,DeepSeek,685,37.0,True,INT4,H100 SXM,8,8x H100 SXM,Enterprise,640,371.9,26800,131072,2959.8,4742.0,19.816,1.86,537700.0
DeepSeek-V3.2-685B,DeepSeek,685,37.0,True,INT4,H200 SXM,8,8x H200 SXM,Enterprise,1128,371.9,38400,131072,4826.5,4903.0,28.404,1.635,611726.0
DeepSeek-V3.2-685B,DeepSeek,685,37.0,True,INT8,H200 SXM,8,8x H200 SXM,Enterprise,1128,741.8,38400,131072,2337.7,4722.0,25.213,2.996,333794.0
Kimi-K2-1T,Moonshot,1000,32.0,True,INT4,A100 80GB,8,8x A100 80GB,Enterprise,640,542.0,16312,131072,2136.7,2837.0,10.671,1.387,720856.0
Kimi-K2-1T,Moonshot,1000,32.0,True,INT4,H100 SXM,8,8x H100 SXM,Enterprise,640,542.0,26800,131072,4156.0,4741.0,19.733,1.319,758190.0
Kimi-K2-1T,Moonshot,1000,32.0,True,INT4,H200 SXM,8,8x H200 SXM,Enterprise,1128,542.0,38400,131072,5992.0,4930.0,27.279,1.265,790764.0
